predicted_J_Total_flux_kg_m_2h_1,Augmented_SMILES,Contact_angle,Thickness_um,Solvent_solubility_parameter_Mpa_sqrt,xw_wt_percent,Temp_C,Permeate_pressure_mbar
0.048854970234244045,"['FC(F)(F)C(c1ccc(C)cc1)(c6ccc(c5nc4ccc(c3ccc2nc(C)oc2c3)cc4o5)cc6)C(F)(F)F.CC(C)O', 'c1(C(C(F)(F)F)(C(F)(F)F)c2ccc(cc2)C)ccc(cc1)-c1oc2cc(ccc2n1)-c1cc2oc(nc2cc1)C.OC(C)C', 'C(F)(C(c1ccc(C)cc1)(c1ccc(cc1)-c1nc2c(cc(cc2)-c2cc3oc(C)nc3cc2)o1)C(F)(F)F)(F)F.CC(O)C', 'c1(ccc(cc1)C(C(F)(F)F)(c1ccc(cc1)C)C(F)(F)F)-c1oc2cc(ccc2n1)-c1ccc2c(c1)oc(n2)C.C(C)(C)O', 'C(F)(F)(C(c1ccc(cc1)-c1nc2c(o1)cc(cc2)-c1cc2c(cc1)nc(o2)C)(c1ccc(cc1)C)C(F)(F)F)F.C(O)(C)C', 'o1c(-c2ccc(cc2)C(C(F)(F)F)(c2ccc(C)cc2)C(F)(F)F)nc2ccc(cc21)-c1cc2c(nc(C)o2)cc1.C(C)(O)C']",82.0,24.24,23.5,15.0,25.0,1.0
0.04891919249176082,"['FC(F)(F)C(c1ccc(C)cc1)(c6ccc(c5nc4ccc(c3ccc2nc(C)oc2c3)cc4o5)cc6)C(F)(F)F.CCO', 'c1cc2nc(C)oc2cc1-c1ccc2nc(-c3ccc(C(c4ccc(cc4)C)(C(F)(F)F)C(F)(F)F)cc3)oc2c1.C(C)O', 'c1(nc2ccc(cc2o1)-c1cc2c(cc1)nc(-c1ccc(cc1)C(C(F)(F)F)(C(F)(F)F)c1ccc(C)cc1)o2)C.C(O)C', 'c1(cc2oc(C)nc2cc1)-c1ccc2nc(-c3ccc(cc3)C(c3ccc(C)cc3)(C(F)(F)F)C(F)(F)F)oc2c1.OCC']",82.0,24.24,26.5,10.0,25.0,1.0
0.04798131425892355,"['FC(F)(F)C(c1ccc(C)cc1)(c6ccc(c5nc4ccc(c3ccc2nc(C)oc2c3)cc4o5)cc6)C(F)(F)F.CC(C)O', 'FC(F)(F)C(c1ccc(cc1)C)(C(F)(F)F)c1ccc(-c2oc3cc(-c4cc5oc(C)nc5cc4)ccc3n2)cc1.OC(C)C', 'c1c(-c2cc3oc(nc3cc2)-c2ccc(C(c3ccc(C)cc3)(C(F)(F)F)C(F)(F)F)cc2)cc2oc(C)nc2c1.C(O)(C)C', 'c1(ccc2nc(C)oc2c1)-c1ccc2c(oc(n2)-c2ccc(cc2)C(C(F)(F)F)(C(F)(F)F)c2ccc(cc2)C)c1.CC(O)C', 'c12oc(-c3ccc(C(C(F)(F)F)(c4ccc(C)cc4)C(F)(F)F)cc3)nc2ccc(-c2cc3oc(C)nc3cc2)c1.C(C)(O)C', 'c1cc(C)ccc1C(C(F)(F)F)(c1ccc(-c2oc3c(n2)ccc(-c2cc4c(nc(o4)C)cc2)c3)cc1)C(F)(F)F.C(C)(C)O']",82.0,24.24,23.5,10.0,80.0,1.0
0.047130895503396185,"['Cc2ccc(Cc1ccc(C)cc1)cc2.Cc1cc(C)ccc1n5c(=O)c4ccc(C(=O)c3ccc2c(=O)n(C)c(=O)c2c3)cc4c5=O.CC(C)O', 'c1(ccc(Cc2ccc(C)cc2)cc1)C.O=C(c1ccc2c(c1)C(N(C)C2=O)=O)c1ccc2c(c1)C(=O)N(c1c(C)cc(C)cc1)C2=O.OC(C)C', 'c1c(ccc(c1)C)Cc1ccc(cc1)C.c1c(cc2C(N(C(=O)c2c1)C)=O)C(=O)c1ccc2c(c1)C(=O)N(c1ccc(cc1C)C)C2=O.CC(O)C', 'c1(ccc(cc1)Cc1ccc(cc1)C)C.O=C1c2ccc(C(=O)c3ccc4c(c3)C(=O)N(c3c(cc(C)cc3)C)C4=O)cc2C(=O)N1C.C(C)(C)O', 'c1cc(C)ccc1Cc1ccc(cc1)C.c12ccc(C(=O)c3ccc4C(=O)N(C)C(c4c3)=O)cc2C(N(C1=O)c1ccc(C)cc1C)=O.C(C)(O)C', 'c1c(Cc2ccc(C)cc2)ccc(C)c1.C1(=O)N(C(=O)c2ccc(cc21)C(=O)c1ccc2c(c1)C(=O)N(c1ccc(C)cc1C)C2=O)C.C(O)(C)C']",82.3,10.0,23.5,15.0,60.0,5.0
0.04796715040406105,"['C(C)C(C)(O).CC(C)O', 'C(O)(C)CC.CC(O)C', 'CCC(O)C.C(C)(C)O', 'C(CC)(C)O.OC(C)C', 'OC(CC)C.C(O)(C)C', 'CCC(C)O.C(C)(O)C']",74.0,22.0,23.5,10.0,25.0,1.3
0.047781124348909715,"['C(C)C(C)(O).CC(C)O', 'C(C)C(C)O.C(C)(C)O', 'CC(CC)O.OC(C)C', 'OC(C)CC.C(O)(C)C', 'C(C(O)C)C.CC(O)C', 'CC(O)CC.C(C)(O)C']",74.0,22.0,23.5,5.0,75.0,1.3
0.049182034047011484,"['C(C)C(C)(O).CC(C)O', 'CC(CC)O.OC(C)C', 'CCC(C)O.CC(O)C', 'CC(O)CC.C(C)(O)C', 'C(C(C)O)C.C(C)(C)O', 'C(CC)(C)O.C(O)(C)C']",74.0,10.0,23.5,10.0,30.0,0.06
0.04817936867472014,"['C(C)C(C)(O).CC(C)O', 'CCC(O)C.C(O)(C)C', 'OC(CC)C.C(C)(C)O', 'C(C)(O)CC.CC(O)C', 'C(CC)(O)C.OC(C)C', 'C(C(O)C)C.C(C)(O)C']",74.0,10.0,23.5,20.0,30.0,0.06
0.04792157525250819,"['C(C)C(C)(O).CCO', 'CCC(O)C.C(O)C', 'CC(CC)O.OCC']",74.0,22.0,26.5,10.0,40.0,3.0
0.048180164428873164,"['C(C)C(C)(O).CCO', 'C(C)(CC)O.C(C)O', 'C(CC)(O)C.OCC', 'CC(O)CC.C(O)C']",74.0,22.0,26.5,15.0,40.0,3.0
0.057520334217974374,"['C(C)C(C)(O).CC(C)O', 'CC(O)CC.OC(C)C', 'CCC(C)O.CC(O)C', 'CCC(O)C.C(C)(C)O', 'C(C)C(C)O.C(C)(O)C', 'OC(C)CC.C(O)(C)C']",74.0,22.0,23.5,12.5,50.0,3.0
0.05507450323424025,"['C(C)C(C)(O).CC(C)O', 'C(C)C(C)O.CC(O)C', 'OC(C)CC.OC(C)C', 'CC(CC)O.C(C)(C)O', 'CC(O)CC.C(C)(O)C', 'CCC(C)O.C(O)(C)C']",74.0,22.0,23.5,10.0,60.0,3.0
0.060903173708334514,"['C(C)C(C)(O).CCO', 'OC(C)CC.OCC', 'C(C)(O)CC.C(O)C']",74.0,22.0,26.5,12.5,67.0,3.0
0.05690049591000121,"['C(C)C(C)(O).CCO', 'C(C)C(O)C.C(O)C', 'C(O)(CC)C.OCC', 'C(C)(CC)O.C(C)O']",74.0,22.0,26.5,15.0,60.0,3.0
0.05594744506737889,"['O=C(O)C1OC(C)C(O)C(O)C1O(C).O=C(O)C1OC(C)C(O)C(O)C1O(C).CC(C)O', 'OC1C(OC)C(C(O)=O)OC(C1O)C.C1(C(C(O)C(OC)C(C(O)=O)O1)O)C.C(C)(O)C', 'OC1C(OC(C(=O)O)C(OC)C1O)C.OC1C(OC)C(OC(C)C1O)C(=O)O.OC(C)C', 'OC1C(O)C(OC)C(C(=O)O)OC1C.OC1C(C)OC(C(O)=O)C(C1O)OC.CC(O)C', 'O=C(C1C(C(O)C(O)C(C)O1)OC)O.C1(C(C(C(OC)C(C(=O)O)O1)O)O)C.C(C)(C)O', 'C(C1C(C(O)C(O)C(C)O1)OC)(=O)O.C1(C(C(=O)O)OC(C)C(C1O)O)OC.C(O)(C)C']",37.37,45.0,23.5,5.0,60.0,3.0
0.05961451068605046,"['O=C(O)C1OC(C)C(O)C(O)C1O(C).O=C(O)C1OC(C)C(O)C(O)C1O(C).CCO', 'COC1C(OC(C)C(O)C1O)C(O)=O.C1(C(O)C(OC)C(OC1C)C(=O)O)O.C(O)C', 'OC1C(OC(C(C1O)OC)C(O)=O)C.C1(C(OC(C(C1O)OC)C(O)=O)C)O.C(C)O', 'O1C(C)C(O)C(O)C(OC)C1C(O)=O.O=C(C1C(OC)C(C(C(O1)C)O)O)O.OCC']",37.37,45.0,26.5,20.0,60.0,3.0
0.20077993208708386,"['O=C(O)C1OC(C)C(O)C(O)C1O(C).O=C(O)C1OC(C)C(O)C(O)C1O(C).CC(C)O', 'C1(C(O)C(C(OC)C(O1)C(O)=O)O)C.O(C1C(C(C(OC1C(=O)O)C)O)O)C.C(C)(O)C', 'C1(O)C(C(OC(C1O)C)C(O)=O)OC.C1(C(=O)O)C(OC)C(C(C(C)O1)O)O.C(O)(C)C', 'O=C(C1C(OC)C(C(O)C(O1)C)O)O.O=C(C1OC(C(O)C(O)C1OC)C)O.OC(C)C', 'O(C1C(C(=O)O)OC(C)C(O)C1O)C.CC1OC(C(O)=O)C(C(O)C1O)OC.CC(O)C', 'C1(C(OC(C)C(O)C1O)C(O)=O)OC.C1(C(=O)O)C(OC)C(C(O)C(O1)C)O.C(C)(C)O']",37.37,40.0,23.5,20.0,30.0,1.33
0.23234102643988358,"['O=C(O)C1OC(C)C(O)C(O)C1O(C).O=C(O)C1OC(C)C(O)C(O)C1O(C).CCO', 'C1(C(C(OC(C)C1O)C(O)=O)OC)O.O1C(C)C(C(C(C1C(O)=O)OC)O)O.C(C)O', 'OC1C(OC(C(O)=O)C(C1O)OC)C.COC1C(C(O)=O)OC(C)C(C1O)O.OCC', 'OC1C(C(OC(C1OC)C(=O)O)C)O.CC1C(O)C(O)C(OC)C(C(O)=O)O1.C(O)C']",37.37,10.0,26.5,5.0,30.0,13.3
0.21562102541620942,"['O=C(O)C1OC(C)C(O)C(O)C1O(C).O=C(O)C1OC(C)C(O)C(O)C1O(C).CCO', 'OC1C(C(C)OC(C1OC)C(=O)O)O.OC1C(OC(C(=O)O)C(OC)C1O)C.C(C)O', 'O1C(C(C(O)C(O)C1C)OC)C(O)=O.OC(=O)C1OC(C(C(C1OC)O)O)C.OCC', 'C1(C(O)C(O)C(OC)C(O1)C(=O)O)C.C1(C(C(OC)C(C(=O)O)OC1C)O)O.C(O)C']",37.37,10.0,26.5,15.0,30.0,13.3
0.2098639091051162,"['O=C(O)C1OC(C)C(O)C(O)C1O(C).O=C(O)C1OC(C)C(O)C(O)C1O(C).CCO', 'C(C1C(C(C(O)C(C)O1)O)OC)(O)=O.OC(=O)C1C(OC)C(O)C(O)C(O1)C.OCC', 'OC1C(O)C(C)OC(C1OC)C(=O)O.OC1C(C(C)OC(C(=O)O)C1OC)O.C(C)O', 'C(O)(C1OC(C)C(O)C(C1OC)O)=O.C1(O)C(C(OC(C1OC)C(=O)O)C)O.C(O)C']",37.37,10.0,26.5,4.0,60.0,13.3
0.2109804957893763,"['O=C(O)C1OC(C)C(O)C(O)C1O(C).O=C(O)C1OC(C)C(O)C(O)C1O(C).CC(C)O', 'C1(C(C(OC)C(OC1C)C(O)=O)O)O.O(C1C(O)C(C(C)OC1C(O)=O)O)C.OC(C)C', 'O(C1C(O)C(C(C)OC1C(=O)O)O)C.COC1C(C(C(OC1C(O)=O)C)O)O.CC(O)C', 'C(=O)(O)C1OC(C(O)C(C1OC)O)C.COC1C(C(=O)O)OC(C(O)C1O)C.C(C)(O)C', 'O(C)C1C(C(=O)O)OC(C(O)C1O)C.C1(C(O)=O)C(C(O)C(C(C)O1)O)OC.C(C)(C)O']",37.37,10.0,23.5,12.6,50.0,13.3
0.21057899873767805,"['O=C(O)C1OC(C)C(O)C(O)C1O(C).O=C(O)C1OC(C)C(O)C(O)C1O(C).CC(C)O', 'C1(C(C(C(C(O1)C)O)O)OC)C(O)=O.COC1C(C(O)=O)OC(C)C(C1O)O.C(O)(C)C', 'OC(=O)C1C(C(O)C(O)C(O1)C)OC.C1(C(OC(C)C(O)C1O)C(O)=O)OC.CC(O)C', 'C1(C(O)=O)C(OC)C(O)C(O)C(O1)C.O(C)C1C(OC(C(C1O)O)C)C(=O)O.OC(C)C', 'O(C)C1C(C(C(OC1C(=O)O)C)O)O.C1(O)C(OC)C(OC(C)C1O)C(=O)O.C(C)(O)C', 'C1(O)C(OC)C(C(O)=O)OC(C)C1O.C1(OC)C(C(O)=O)OC(C)C(O)C1O.C(C)(C)O']",37.37,50.0,23.5,12.6,50.0,13.3
0.06563185278552226,"['O=C(O)C1OC(C)C(O)C(O)C1O(C).O=C(O)C1OC(C)C(O)C(O)C1O(C).CC(C)O', 'OC(C1OC(C)C(C(O)C1OC)O)=O.C1(O)C(OC(C(OC)C1O)C(=O)O)C.C(C)(C)O', 'OC1C(C)OC(C(C1O)OC)C(=O)O.OC1C(OC)C(C(=O)O)OC(C1O)C.OC(C)C', 'C1(C(C(O)C(C(C)O1)O)OC)C(=O)O.C1(C(C(O)C(C(O1)C(O)=O)OC)O)C.CC(O)C', 'C1(C(C(OC(C(O)=O)C1OC)C)O)O.C(O)(C1OC(C(C(O)C1OC)O)C)=O.C(C)(O)C', 'C1(C(OC(C(O)=O)C(OC)C1O)C)O.C1(C(OC)C(C(O)=O)OC(C1O)C)O.C(O)(C)C']",37.37,50.0,23.5,10.0,30.0,13.3
0.06462801607790186,"['O=C(O)C1OC(C)C(O)C(O)C1O(C).O=C(O)C1OC(C)C(O)C(O)C1O(C).CC(C)O', 'C1(OC(C)C(C(O)C1OC)O)C(O)=O.O1C(C)C(C(C(OC)C1C(O)=O)O)O.CC(O)C', 'CC1C(O)C(C(OC)C(O1)C(O)=O)O.C1(OC(C)C(C(C1OC)O)O)C(O)=O.C(C)(O)C', 'C1(O)C(O)C(C)OC(C(O)=O)C1OC.C1(OC)C(C(O)=O)OC(C(C1O)O)C.C(C)(C)O', 'C1(C)OC(C(=O)O)C(C(C1O)O)OC.OC(C1C(C(O)C(C(O1)C)O)OC)=O.C(O)(C)C', 'C1(O)C(OC(C(=O)O)C(C1O)OC)C.CC1OC(C(C(O)C1O)OC)C(=O)O.OC(C)C']",37.37,50.0,23.5,30.0,40.0,13.3
0.06462801607790186,"['O=C(O)C1OC(C)C(O)C(O)C1O(C).O=C(O)C1OC(C)C(O)C(O)C1O(C).CC(C)O', 'CC1OC(C(C(C1O)O)OC)C(O)=O.O(C1C(C(=O)O)OC(C(C1O)O)C)C.CC(O)C', 'O(C)C1C(C(O)=O)OC(C)C(O)C1O.O(C)C1C(O)C(C(C)OC1C(O)=O)O.OC(C)C', 'CC1C(O)C(O)C(C(C(=O)O)O1)OC.COC1C(C(=O)O)OC(C(O)C1O)C.C(C)(O)C', 'OC(C1OC(C)C(O)C(C1OC)O)=O.O1C(C(C(C(OC)C1C(=O)O)O)O)C.C(O)(C)C', 'C1(OC)C(O)C(O)C(C)OC1C(O)=O.O1C(C(O)C(O)C(OC)C1C(O)=O)C.C(C)(C)O']",37.37,50.0,23.5,10.0,50.0,0.06
0.06462801607790186,"['O=C(O)C1OC(C)C(O)C(O)C1O(C).O=C(O)C1OC(C)C(O)C(O)C1O(C).CC(C)O', 'CC1C(C(O)C(OC)C(O1)C(=O)O)O.CC1OC(C(=O)O)C(C(O)C1O)OC.OC(C)C', 'C1(C(C(C(=O)O)OC(C)C1O)OC)O.OC1C(O)C(C)OC(C(O)=O)C1OC.CC(O)C', 'OC(C1OC(C)C(C(O)C1OC)O)=O.O=C(O)C1C(C(O)C(O)C(O1)C)OC.C(C)(C)O', 'O=C(O)C1C(OC)C(C(O)C(C)O1)O.O1C(C(O)=O)C(OC)C(C(O)C1C)O.C(O)(C)C', 'C(O)(C1C(C(C(C(C)O1)O)O)OC)=O.O(C1C(OC(C)C(C1O)O)C(O)=O)C.C(C)(O)C']",37.37,50.0,23.5,10.0,60.0,0.06
0.06462801607790186,"['NC2C(O)C(OC1OC(CO)C(O(C))C(O)C1N)C(CO)OC2(C).CC(C)O', 'OCC1OC(C(N)C(C1OC)O)OC1C(CO)OC(C(N)C1O)C.OC(C)C', 'C1(C(N)C(C(C(O1)CO)OC)O)OC1C(OC(C)C(N)C1O)CO.CC(O)C', 'C1(O)C(C(OC2C(OC(C(N)C2O)C)CO)OC(CO)C1OC)N.C(O)(C)C']",55.1,40.0,23.5,10.0,50.0,13.3
0.06462801607790186,"['NC2C(O)C(OC1OC(CO)C(O(C))C(O)C1N)C(CO)OC2(C).CC(C)O', 'O1C(C(C(C(N)C1OC1C(C(C(C)OC1CO)N)O)O)OC)CO.CC(O)C', 'O1C(CO)C(C(C(C1OC1C(CO)OC(C)C(N)C1O)N)O)OC.OC(C)C', 'C1(O)C(C(CO)OC(C1N)C)OC1C(C(C(C(O1)CO)OC)O)N.C(O)(C)C', 'O1C(C)C(N)C(O)C(C1CO)OC1OC(CO)C(C(C1N)O)OC.C(C)(C)O', 'C1(O)C(N)C(C)OC(C1OC1C(N)C(O)C(C(O1)CO)OC)CO.C(C)(O)C']",55.1,40.0,23.5,5.0,30.0,13.3
3.194376147282726,"['NC2C(O)C(OC1OC(CO)C(O(C))C(O)C1N)C(CO)OC2(C).CC(C)O', 'CC1OC(C(OC2C(N)C(C(OC)C(CO)O2)O)C(C1N)O)CO.C(C)(O)C', 'C1(CO)C(C(C(C(O1)OC1C(C(C(OC1CO)C)N)O)N)O)OC.OC(C)C', 'C(O)C1OC(C(C(O)C1OC1OC(CO)C(OC)C(C1N)O)N)C.CC(O)C', 'OCC1OC(C(C(O)C1OC1OC(CO)C(C(O)C1N)OC)N)C.C(C)(C)O', 'OC1C(OC)C(OC(OC2C(O)C(N)C(C)OC2CO)C1N)CO.C(O)(C)C']",55.1,40.0,23.5,20.0,30.0,13.3
3.133441519090827,"['NC2C(O)C(OC1OC(CO)C(O(C))C(O)C1N)C(CO)OC2(C).CC(C)O', 'O1C(C(N)C(C(OC2C(C(C(C(O2)CO)OC)O)N)C1CO)O)C.C(O)(C)C', 'C(C1OC(OC2C(O)C(C(C)OC2CO)N)C(C(C1OC)O)N)O.OC(C)C', 'O(C)C1C(CO)OC(OC2C(CO)OC(C(C2O)N)C)C(N)C1O.CC(O)C', 'C1(CO)C(OC2OC(CO)C(OC)C(O)C2N)C(C(N)C(C)O1)O.C(C)(O)C', 'OC1C(N)C(OC2C(O)C(N)C(OC2CO)C)OC(CO)C1OC.C(C)(C)O']",55.1,40.0,23.5,30.0,30.0,13.3
3.305304047080833,"['O=C(O)C1OC(C)C(O)C(O)C1O(C).O=C(O)C1OC(C)C(O)C(O)C1O(C).CCCCO', 'CC1OC(C(OC)C(O)C1O)C(O)=O.C1(O)C(OC)C(OC(C)C1O)C(O)=O.C(CO)CC', 'O1C(C(OC)C(C(C1C)O)O)C(O)=O.OC(=O)C1C(OC)C(O)C(C(C)O1)O.OCCCC', 'O(C1C(O)C(O)C(C)OC1C(O)=O)C.OC1C(O)C(OC(C(=O)O)C1OC)C.C(CCC)O', 'O(C)C1C(O)C(O)C(OC1C(=O)O)C.O=C(C1OC(C)C(C(O)C1OC)O)O.C(C)CCO', 'OC(=O)C1OC(C)C(O)C(O)C1OC.O(C)C1C(OC(C)C(C1O)O)C(=O)O.C(CCO)C']",37.37,1.8,23.1,10.0,45.0,1.0
3.354101294021055,"['C/C(C)=C(C)/[Si](C)(C)C.CCCCO', 'CC([Si](C)(C)C)=C(C)C.C(CC)CO', 'CC(=C(C)[Si](C)(C)C)C.C(O)CCC', 'C[Si](C)(C(C)=C(C)C)C.C(CCO)C', '[Si](C)(C)(C(C)=C(C)C)C.C(CO)CC', 'CC(C)=C([Si](C)(C)C)C.OCCCC']",100.0,20.0,23.1,98.5,25.0,2.7
3.3327044414612774,"['C/C(C)=C(C)/[Si](C)(C)C.CCCCO', 'C(C)(C)=C([Si](C)(C)C)C.C(CC)CO', 'C[Si](C)(C(=C(C)C)C)C.C(CCO)C', 'C[Si](C(=C(C)C)C)(C)C.C(C)CCO', 'C[Si](C(C)=C(C)C)(C)C.C(CCC)O', '[Si](C)(C)(C(C)=C(C)C)C.C(O)CCC']",100.0,20.0,23.1,98.0,25.0,2.7
3.3534227240466383,"['C/C(C)=C(C)/[Si](C)(C)C.CCCCO', 'CC(=C(C)[Si](C)(C)C)C.OCCCC', 'CC(C)=C([Si](C)(C)C)C.C(CC)CO', 'C([Si](C)(C)C)(C)=C(C)C.C(C)CCO', 'C([Si](C)(C)C)(=C(C)C)C.C(CCC)O', '[Si](C)(C)(C(C)=C(C)C)C.C(CCO)C']",100.0,20.0,23.1,96.0,25.0,2.7
0.1531274872109444,"['C/C(C)=C(C)/[Si](C)(C)C.CCCCO', 'CC(=C([Si](C)(C)C)C)C.C(CCO)C', 'CC([Si](C)(C)C)=C(C)C.OCCCC', 'CC(C)=C([Si](C)(C)C)C.C(CC)CO', 'C(=C(C)C)([Si](C)(C)C)C.C(CCC)O', 'CC(=C(C)[Si](C)(C)C)C.C(O)CCC']",100.0,20.0,23.1,94.0,25.0,2.7
0.15316879078255985,"['C/C(C)=C(C)/[Si](C)(C)C.CCCCO', 'C([Si](C)(C)C)(C)=C(C)C.C(CCO)C', 'C(=C(C)C)([Si](C)(C)C)C.OCCCC', 'CC(=C(C)[Si](C)(C)C)C.C(CCC)O', 'C(C)(C)=C([Si](C)(C)C)C.C(O)CCC', 'C[Si](C(C)=C(C)C)(C)C.C(CO)CC']",100.0,22.0,23.1,99.7,70.0,2.7
0.15324138582388214,"['C/C(C)=C(C)/[Si](C)(C)C.CCCCO', 'C[Si](C)(C)C(C)=C(C)C.C(O)CCC', 'C[Si](C(=C(C)C)C)(C)C.C(C)CCO', 'C(C)(=C([Si](C)(C)C)C)C.OCCCC', 'CC(=C([Si](C)(C)C)C)C.C(CCO)C', 'CC(C)=C(C)[Si](C)(C)C.C(CO)CC']",100.0,22.0,23.1,99.0,70.0,2.7
0.15314751780281907,"['CC7(C)CC(C)(c5ccc(n4c(=O)c3ccc(C(=O)c2ccc1c(=O)n(C)c(=O)c1c2)cc3c4=O)cc5)c6cc(C)ccc67.CC(C)O', 'C1(=O)N(C(c2ccc(C(c3cc4C(=O)N(C(=O)c4cc3)C)=O)cc12)=O)c1ccc(cc1)C1(CC(C)(C)c2ccc(C)cc21)C.C(C)(C)O', 'c12c(ccc(C)c2)C(C)(CC1(c1ccc(cc1)N1C(c2c(cc(cc2)C(=O)c2ccc3c(C(=O)N(C)C3=O)c2)C1=O)=O)C)C.OC(C)C', 'O=C(c1ccc2C(=O)N(c3ccc(C4(CC(c5c4cc(cc5)C)(C)C)C)cc3)C(c2c1)=O)c1cc2C(=O)N(C)C(=O)c2cc1.C(O)(C)C', 'c12C(N(C(=O)c1cc(C(=O)c1cc3c(C(N(C3=O)C)=O)cc1)cc2)c1ccc(C2(C)CC(C)(c3c2cc(cc3)C)C)cc1)=O.CC(O)C', 'c1(C)ccc2C(CC(c2c1)(C)c1ccc(cc1)N1C(=O)c2ccc(C(c3ccc4c(C(=O)N(C)C4=O)c3)=O)cc2C1=O)(C)C.C(C)(O)C']",91.2,50.0,23.5,15.0,60.0,1.0
0.1529227073175833,"['CC7(C)CC(C)(c5ccc(n4c(=O)c3ccc(C(=O)c2ccc1c(=O)n(C)c(=O)c1c2)cc3c4=O)cc5)c6cc(C)ccc67.CCCCO', 'c1c(ccc2c1C(=O)N(C2=O)C)C(=O)c1cc2c(cc1)C(N(c1ccc(C3(CC(C)(C)c4c3cc(cc4)C)C)cc1)C2=O)=O.C(CCC)O', 'c1(ccc(N2C(c3cc(C(c4ccc5c(C(N(C)C5=O)=O)c4)=O)ccc3C2=O)=O)cc1)C1(C)c2c(ccc(C)c2)C(C1)(C)C.C(C)CCO', 'c1cc(C(c2ccc3c(C(N(C3=O)C)=O)c2)=O)cc2C(N(c3ccc(cc3)C3(c4c(C(C)(C)C3)ccc(c4)C)C)C(c21)=O)=O.C(CCO)C', 'c1c2C(=O)N(c3ccc(C4(CC(c5c4cc(cc5)C)(C)C)C)cc3)C(=O)c2cc(C(=O)c2cc3c(C(N(C3=O)C)=O)cc2)c1.OCCCC', 'Cc1ccc2C(C)(C)CC(c3ccc(cc3)N3C(=O)c4ccc(C(=O)c5ccc6c(c5)C(=O)N(C)C6=O)cc4C3=O)(c2c1)C.C(O)CCC']",91.2,50.0,23.1,15.0,60.0,1.0
0.1532201128441414,"['C(C)=O.COC(C)=O.COC.CNCCCCCCCCCCCC(C)=O.CCCCCOC.CCCCO', 'CC=O.O=C(C)OC.COC.N(C)CCCCCCCCCCCC(=O)C.CCCCCOC.OCCCC', 'O=CC.C(=O)(C)OC.COC.C(CCCCCCC(=O)C)CCCCNC.O(C)CCCCC.C(CO)CC', 'C(C)=O.C(C)(OC)=O.COC.C(CCCCCCCCC(=O)C)CCNC.C(OC)CCCC.C(CCO)C', 'CC=O.C(=O)(C)OC.O(C)C.CC(=O)CCCCCCCCCCCNC.C(CCCC)OC.C(O)CCC', 'C(=O)C.O=C(OC)C.O(C)C.C(CCCCNC)CCCCCCC(=O)C.C(CC)CCOC.C(CCC)O']",89.0,30.0,23.1,99.99241466,60.0,1.0
0.667996539629276,"['C(C)=O.COC(C)=O.COC.CNCCCCCCCCCCCC(C)=O.CCCCCOC.CCCCO', 'O=CC.C(OC)(C)=O.COC.C(CCCCCCCCCC(C)=O)CNC.CCCCCOC.C(CCC)O', 'C(=O)C.COC(=O)C.O(C)C.CC(=O)CCCCCCCCCCCNC.C(OC)CCCC.OCCCC', 'O=CC.O(C(=O)C)C.COC.C(CCCC(=O)C)CCCCCCCNC.COCCCCC.C(C)CCO', 'C(=O)C.CC(OC)=O.O(C)C.O=C(CCCCCCCCCCCNC)C.C(CCCOC)C.C(CC)CO', 'C(C)=O.O=C(C)OC.O(C)C.C(NC)CCCCCCCCCCC(=O)C.C(CCC)COC.C(CCO)C']",89.0,30.0,23.1,99.9494311,60.0,1.0
0.648677027677872,"['C(C)=O.COC(C)=O.COC.CNCCCCCCCCCCCC(C)=O.CCCCCOC.CCCCO', 'CC=O.COC(=O)C.O(C)C.C(CCCCC(=O)C)CCCCCCNC.CCCCCOC.C(C)CCO', 'CC=O.O(C(C)=O)C.COC.C(CCC(=O)C)CCCCCCCCNC.O(CCCCC)C.OCCCC', 'C(C)=O.COC(C)=O.COC.C(CCCCNC)CCCCCCC(C)=O.C(CC)CCOC.C(CO)CC', 'C(=O)C.O=C(OC)C.COC.O=C(CCCCCCCCCCCNC)C.CCCCCOC.C(CC)CO', 'O=CC.CC(=O)OC.COC.C(CCCCCCC(C)=O)CCCCNC.O(C)CCCCC.C(CCO)C']",89.0,30.0,23.1,99.89759798,60.0,1.0
0.6420833842033782,"['C(C)=O.COC(C)=O.COC.CNCCCCCCCCCCCC(C)=O.CCCCCOC.CCCCO', 'CC=O.CC(=O)OC.O(C)C.C(CCCC(=O)C)CCCCCCCNC.C(CCC)COC.C(O)CCC', 'C(C)=O.O(C(C)=O)C.COC.CNCCCCCCCCCCCC(=O)C.C(CCC)COC.OCCCC', 'C(C)=O.C(C)(OC)=O.O(C)C.C(CCCCCCCCCC(C)=O)CNC.O(C)CCCCC.C(C)CCO', 'CC=O.C(OC)(=O)C.COC.O=C(CCCCCCCCCCCNC)C.COCCCCC.C(CCO)C', 'O=CC.O(C(C)=O)C.COC.C(CCCCCCCNC)CCCC(C)=O.COCCCCC.C(CC)CO']",89.0,30.0,23.1,99.89254109,40.0,1.0
0.6460773873450236,"['C(C)=O.COC(C)=O.COC.CNCCCCCCCCCCCC(C)=O.CCCCCOC.CCCCO', 'CC=O.CC(OC)=O.COC.CNCCCCCCCCCCCC(C)=O.C(CCCOC)C.C(CCC)O', 'O=CC.O=C(OC)C.COC.C(NC)CCCCCCCCCCC(=O)C.CCCCCOC.C(CO)CC', 'CC=O.C(C)(OC)=O.COC.C(CCCCCCCCC(=O)C)CCNC.O(CCCCC)C.C(CCO)C', 'C(C)=O.COC(=O)C.COC.C(CCCC(C)=O)CCCCCCCNC.C(CCOC)CC.C(O)CCC', 'C(C)=O.COC(=O)C.O(C)C.C(CCCCCCCNC)CCCC(C)=O.O(CCCCC)C.C(CC)CO']",89.0,30.0,23.1,99.58912769,40.0,1.0
0.6542823907407236,"['C(C)=O.COC(C)=O.COC.CNCCCCCCCCCCCC(C)=O.CCCCCOC.CCCCO', 'C(=O)C.COC(C)=O.COC.C(C(=O)C)CCCCCCCCCCNC.COCCCCC.C(CC)CO', 'CC=O.O=C(OC)C.COC.C(CCCCCCNC)CCCCC(=O)C.C(C)CCCOC.OCCCC', 'CC=O.O=C(C)OC.COC.C(CCCCCCNC)CCCCC(C)=O.O(CCCCC)C.C(C)CCO', 'C(C)=O.C(=O)(C)OC.O(C)C.C(CCCCCCCCC(C)=O)CCNC.C(CCOC)CC.C(O)CCC', 'O=CC.O(C)C(=O)C.O(C)C.C(CCCCCCCCC(C)=O)CCNC.C(CCCC)OC.C(CO)CC']",89.0,30.0,23.1,99.91782554,29.0,1.0
0.642026009396093,"['C(C)=O.COC(C)=O.COC.CNCCCCCCCCCCCC(C)=O.CCCCCOC.CCCCO', 'C(=O)C.C(=O)(OC)C.COC.CC(=O)CCCCCCCCCCCNC.COCCCCC.C(O)CCC', 'CC=O.O=C(C)OC.COC.C(NC)CCCCCCCCCCC(C)=O.O(C)CCCCC.C(CO)CC', 'CC=O.O=C(C)OC.O(C)C.C(CCCCCCCCCC(=O)C)CNC.C(CCC)COC.OCCCC', 'CC=O.COC(C)=O.O(C)C.C(=O)(CCCCCCCCCCCNC)C.O(CCCCC)C.C(CCC)O', 'CC=O.O=C(OC)C.O(C)C.C(CCCCC(C)=O)CCCCCCNC.C(CCC)COC.C(C)CCO']",89.0,3.5,23.1,99.0,50.0,3.0
0.06483573768174114,"['[Si](C)(C)(C)O(C).CCCCO', 'C[Si](C)(OC)C.C(CC)CO', 'C[Si](C)(C)OC.OCCCC', 'C[Si](OC)(C)C.C(CO)CC', 'O([Si](C)(C)C)C.C(CCO)C']",108.08219,6.0,23.1,99.0,40.0,2.1
0.06483573768174114,"['[Si](C)(C)(C)O(C).CCCCO', 'C[Si](C)(C)OC.C(CCC)O', '[Si](C)(OC)(C)C.C(CCO)C', 'C[Si](OC)(C)C.OCCCC', 'C[Si](C)(OC)C.C(C)CCO', '[Si](C)(C)(OC)C.C(CC)CO']",108.08219,11.0661469,23.1,99.0,40.0,4.0
0.06483573768174114,"['[Si](C)(C)(C)O(C).CCCCO', 'C[Si](C)(OC)C.C(O)CCC', 'O(C)[Si](C)(C)C.OCCCC', 'CO[Si](C)(C)C.C(CCO)C', 'O([Si](C)(C)C)C.C(CO)CC', 'C[Si](C)(C)OC.C(CCC)O']",108.08219,4.405094191,23.1,99.08,40.0,4.0
0.06483573768174114,"['[Si](C)(C)(C)O(C).CCCCO', 'C[Si](C)(C)OC.C(CC)CO', '[Si](C)(C)(C)OC.C(C)CCO', '[Si](C)(C)(OC)C.C(CO)CC', 'O([Si](C)(C)C)C.OCCCC', 'CO[Si](C)(C)C.C(CCC)O']",108.08219,4.405094191,23.1,99.0,40.0,4.0
0.06483573768174114,"['[Si](C)(C)(C)O(C).CCCCO', 'CO[Si](C)(C)C.C(C)CCO', 'C[Si](OC)(C)C.C(CC)CO', 'C[Si](C)(C)OC.OCCCC', 'C[Si](C)(OC)C.C(CCC)O', 'O(C)[Si](C)(C)C.C(CCO)C']",108.08219,4.405094191,23.1,97.88,40.0,4.0
0.06483573768174114,"['C(C)C(C)(O).CO', 'C(C(C)O)C.OC']",74.0,3.0,29.6,20.0,70.0,3.0
0.06483573768174114,"['C(C)C(C)(O).CO', 'C(C)C(O)C.OC']",74.0,3.0,29.6,3.0,60.0,3.0
0.07249969780119868,"['C(C)C(C)(O).CO', 'CC(O)CC.OC']",74.0,3.0,29.6,1.0,70.0,3.0
0.06485694192730194,"['C(C)C(C)(O).CO', 'CCC(C)O.OC']",74.0,3.0,29.6,10.0,70.0,3.0
0.06485694192730194,"['[Si](C)(C)(C)O(C).CC(C)O', 'O([Si](C)(C)C)C.C(C)(C)O', '[Si](C)(C)(C)OC.C(C)(O)C', 'CO[Si](C)(C)C.C(O)(C)C', 'C[Si](C)(C)OC.OC(C)C', 'C[Si](OC)(C)C.CC(O)C']",108.08219,25.0,23.5,99.0,30.0,1.0
0.0653806540560416,"['[Si](C)(C)(C)O(C).CC(C)O', '[Si](C)(C)(OC)C.C(C)(O)C', 'CO[Si](C)(C)C.C(O)(C)C', 'C[Si](C)(C)OC.OC(C)C', 'O([Si](C)(C)C)C.C(C)(C)O', 'O(C)[Si](C)(C)C.CC(O)C']",108.08219,25.0,23.5,96.0,30.0,1.0
0.07249969780119868,"['[Si](C)(C)(C)O(C).CO', 'C[Si](C)(OC)C.OC']",108.08219,1.5,29.6,95.0,40.0,10.0
0.0653806540560416,"['[Si](C)(C)(C)O(C).CCO', 'C[Si](C)(C)OC.C(C)O', 'C[Si](OC)(C)C.OCC', 'C[Si](C)(OC)C.C(O)C']",108.08219,1.5,26.5,95.0,45.0,10.0
0.07646075475829205,"['[Si](C)(C)(C)O(C).CO', 'C[Si](OC)(C)C.OC']",108.08219,8.0,29.6,99.7,35.0,9.0
0.06932471055125107,"['NC2C(O)C(OC1OC(CO)C(O(C))C(O)C1N)C(CO)OC2(C).CO', 'C1(OC(CO)C(OC)C(O)C1N)OC1C(C(C(OC1CO)C)N)O.OC']",55.1,26.2,29.6,9.0,25.0,2.5
0.06888653336760388,"['NC2C(O)C(OC1OC(CO)C(O(C))C(O)C1N)C(CO)OC2(C).CO', 'C1(CO)OC(C(C(O)C1OC)N)OC1C(C(N)C(OC1CO)C)O.OC']",55.1,26.2,29.6,5.0,35.0,2.5
0.06932471055125107,"['NC2C(O)C(OC1OC(CO)C(O(C))C(O)C1N)C(CO)OC2(C).CO', 'COC1C(OC(OC2C(OC(C)C(C2O)N)CO)C(C1O)N)CO.OC']",55.1,26.2,29.6,26.8,35.0,2.5
0.06928319546120157,"['NC2C(O)C(OC1OC(CO)C(O(C))C(O)C1N)C(CO)OC2(C).CO', 'C1(CO)OC(OC2C(C(N)C(OC2CO)C)O)C(C(O)C1OC)N.OC']",55.1,26.2,29.6,16.1,55.0,2.5
0.06932471055125107,"['NC2C(O)C(OC1OC(CO)C(O(C))C(O)C1N)C(CO)OC2(C).CO', 'C1(C)OC(C(OC2C(C(O)C(C(CO)O2)OC)N)C(O)C1N)CO.OC']",55.1,26.2,29.6,26.8,45.0,2.5
0.06972081045800647,"['NC2C(O)C(OC1OC(CO)C(O(C))C(O)C1N)C(CO)OC2(C).CO', 'NC1C(C)OC(C(C1O)OC1OC(CO)C(C(O)C1N)OC)CO.OC']",55.1,28.4,29.6,1.99,45.0,2.5
0.06976232554805596,"['C(C)C(C)(O).OCCO', 'OC(CC)C.C(O)CO', 'CCC(C)O.C(CO)O']",74.0,22.0,32.9,10.0,25.0,8.0
0.06938803394300645,"['C(C)C(C)(O).OCCO', 'CCC(O)C.C(O)CO', 'C(CC)(O)C.C(CO)O']",74.0,10.0,32.9,10.0,60.0,6.7
0.06884501827755436,"['C(C)C(C)(O).OCCO', 'C(CC)(O)C.C(O)CO', 'CC(CC)O.C(CO)O']",74.0,10.0,32.9,10.0,75.0,6.7
0.06884501827755436,"['C(C)C(C)(O).OCCO', 'C(O)(C)CC.C(CO)O', 'OC(CC)C.C(O)CO']",74.0,10.0,32.9,20.0,75.0,6.7
0.06888653336760388,"['C(C)C(C)(O).OCCO', 'OC(CC)C.C(CO)O', 'C(C)C(C)O.C(O)CO']",74.0,10.0,32.9,40.0,75.0,6.7
0.06884501827755436,"['C(C)C(C)(O).OCCO', 'OC(CC)C.C(O)CO', 'CCC(O)C.C(CO)O']",50.22,15.0,32.9,40.0,70.0,6.7
0.2532328014445733,"['CC6(C)CC4(CC(C)(C)c3cc2oc1c(C#N)c(C)c(C)c(C#N)c1oc2cc34)c5cc(O(C))c(O(C))cc56.OCCO', 'Cc1c(c2Oc3cc4C5(CC(C)(c4cc3Oc2c(C#N)c1C)C)CC(c1cc(c(OC)cc51)OC)(C)C)C#N.C(CO)O', 'c12c(c(C)c(c(c2Oc2c(O1)cc1c(C3(CC1(C)C)c1c(C(C3)(C)C)cc(OC)c(OC)c1)c2)C#N)C)C#N.C(O)CO']",87.8,30.0,32.9,18.5,50.0,10.0
0.1978390955272893,"['NC2C(O)C(OC1OC(CO)C(O(C))C(O)C1N)C(CO)OC2(C).OCCO', 'OCC1OC(OC2C(C(C(C)OC2CO)N)O)C(C(C1OC)O)N.C(CO)O', 'OCC1OC(OC2C(C(N)C(OC2CO)C)O)C(N)C(O)C1OC.C(O)CO']",55.1,50.0,32.9,35.63,30.0,0.13
0.20054268422528398,"['NC2C(O)C(OC1OC(CO)C(O(C))C(O)C1N)C(CO)OC2(C).OCCO', 'C1(C(C(OC(CO)C1OC)OC1C(C(C(OC1CO)C)N)O)N)O.C(O)CO', 'C1(OC2C(C(C(C)OC2CO)N)O)C(N)C(O)C(OC)C(CO)O1.C(CO)O']",55.1,30.0,32.9,8.0,30.0,0.33
0.23872712062402962,"['NC2C(O)C(OC1OC(CO)C(O(C))C(O)C1N)C(CO)OC2(C).OCCO', 'O1C(OC2C(OC(C(C2O)N)C)CO)C(N)C(O)C(OC)C1CO.C(O)CO', 'O1C(CO)C(C(O)C(N)C1OC1C(C(C(OC1CO)C)N)O)OC.C(CO)O']",55.1,10.0,32.9,5.0,80.0,6.7
0.20621041509449323,"['NC2C(O)C(OC1OC(CO)C(O(C))C(O)C1N)C(CO)OC2(C).OCCO', 'C1(C(N)C(OC2C(O)C(N)C(C)OC2CO)OC(C1OC)CO)O.C(O)CO', 'O(C)C1C(O)C(N)C(OC1CO)OC1C(O)C(C(C)OC1CO)N.C(CO)O']",55.1,10.0,32.9,20.0,30.0,6.7
0.24389484572765283,"['NC2C(O)C(OC1OC(CO)C(O(C))C(O)C1N)C(CO)OC2(C).OCCO', 'C1(CO)C(C(O)C(N)C(OC2C(O)C(C(C)OC2CO)N)O1)OC.C(CO)O', 'C1(CO)C(OC2C(C(O)C(OC)C(O2)CO)N)C(O)C(C(O1)C)N.C(O)CO']",55.1,10.0,32.9,20.0,45.0,6.7
0.7547352504510564,"['NC2C(O)C(OC1OC(CO)C(O(C))C(O)C1N)C(CO)OC2(C).OCCO', 'C1(C(OC2OC(CO)C(C(C2N)O)OC)C(O)C(N)C(O1)C)CO.C(CO)O', 'O1C(CO)C(C(O)C(N)C1OC1C(C(N)C(OC1CO)C)O)OC.C(O)CO']",55.1,10.0,32.9,20.0,60.0,6.7
0.7621860981905108,"['NC2C(O)C(OC1OC(CO)C(O(C))C(O)C1N)C(CO)OC2(C).OCCO', 'OC1C(C(OC(C1N)C)CO)OC1C(N)C(C(OC)C(CO)O1)O.C(CO)O', 'OCC1OC(OC2C(CO)OC(C(N)C2O)C)C(N)C(C1OC)O.C(O)CO']",55.1,10.0,32.9,20.0,80.0,6.7
0.7687649709352068,"['O=C(O)C1OC(C)C(O)C(O)C1O(C).O=C(O)C1OC(C)C(O)C(O)C1O(C).CC(=O)O', 'O=C(C1C(OC)C(C(O)C(C)O1)O)O.C1(C(O)=O)OC(C(O)C(O)C1OC)C.C(=O)(O)C', 'O1C(C)C(C(O)C(OC)C1C(O)=O)O.C(C1OC(C)C(C(O)C1OC)O)(=O)O.O=C(O)C', 'C1(OC(C)C(C(C1OC)O)O)C(O)=O.C1(C(C)OC(C(O)=O)C(C1O)OC)O.C(O)(C)=O', 'O(C)C1C(C(O)C(C)OC1C(O)=O)O.C1(C)OC(C(=O)O)C(OC)C(O)C1O.C(O)(=O)C', 'C1(C(O)C(O)C(OC1C(=O)O)C)OC.OC(=O)C1C(OC)C(O)C(O)C(C)O1.O=C(C)O']",37.37,40.0,21.4,50.0,30.0,13.3
0.7886203939950233,"['O=C(O)C1OC(C)C(O)C(O)C1O(C).O=C(O)C1OC(C)C(O)C(O)C1O(C).CC(=O)O', 'OC(=O)C1OC(C(C(C1OC)O)O)C.O=C(O)C1OC(C)C(O)C(C1OC)O.OC(C)=O', 'C(O)(=O)C1OC(C(O)C(O)C1OC)C.O(C1C(C(O)C(OC1C(=O)O)C)O)C.O=C(C)O', 'O=C(O)C1OC(C(C(C1OC)O)O)C.O(C)C1C(C(O)C(C)OC1C(=O)O)O.C(C)(=O)O', 'C1(C(C(C)OC(C1OC)C(O)=O)O)O.O1C(C(OC)C(O)C(C1C)O)C(=O)O.C(O)(C)=O', 'OC1C(O)C(OC)C(C(=O)O)OC1C.OC1C(C(C(C(=O)O)OC1C)OC)O.CC(O)=O']",37.37,50.0,21.4,10.0,30.0,13.3
0.27607881579189253,"['O=C(O)C1OC(C)C(O)C(O)C1O(C).O=C(O)C1OC(C)C(O)C(O)C1O(C).CC(=O)O', 'CC1C(O)C(C(C(C(O)=O)O1)OC)O.OC(=O)C1C(OC)C(O)C(C(C)O1)O.O=C(C)O', 'O1C(C(O)C(C(OC)C1C(O)=O)O)C.O(C1C(OC(C(O)C1O)C)C(=O)O)C.C(=O)(O)C', 'O=C(C1OC(C)C(C(C1OC)O)O)O.C1(C(O)C(C(C(O)=O)OC1C)OC)O.C(=O)(C)O', 'O(C1C(C(C(C)OC1C(=O)O)O)O)C.C(O)(=O)C1C(C(C(O)C(C)O1)O)OC.C(O)(=O)C', 'OC1C(C(C(=O)O)OC(C1O)C)OC.C1(OC)C(C(C(C)OC1C(O)=O)O)O.OC(=O)C']",37.37,50.0,21.4,20.0,30.0,13.3
0.2612909310103001,"['O=C(O)C1OC(C)C(O)C(O)C1O(C).O=C(O)C1OC(C)C(O)C(O)C1O(C).CC(=O)O', 'OC1C(C(OC)C(OC1C)C(=O)O)O.OC1C(O)C(OC(C(O)=O)C1OC)C.C(=O)(C)O', 'C1(O)C(C(OC(C1O)C)C(=O)O)OC.OC1C(C(C)OC(C(=O)O)C1OC)O.O=C(O)C', 'C(C1C(OC)C(O)C(O)C(O1)C)(O)=O.COC1C(OC(C)C(O)C1O)C(=O)O.C(C)(O)=O', 'C(=O)(C1C(OC)C(O)C(C(O1)C)O)O.O(C1C(C(=O)O)OC(C)C(C1O)O)C.C(C)(=O)O', 'C1(C(C(C(OC)C(O1)C(=O)O)O)O)C.O1C(C(O)C(C(C1C(O)=O)OC)O)C.CC(O)=O']",37.37,50.0,21.4,10.0,50.0,13.3
0.25355961746162786,"['O=S(=O)(c1ccc(C)cc1)c4ccc(Oc3ccc(c2ccc(O(C))cc2)cc3)cc4.CC(=O)O', 'c1cc(ccc1Oc1ccc(cc1)-c1ccc(OC)cc1)S(=O)(c1ccc(cc1)C)=O.C(O)(C)=O', 'c1(ccc(-c2ccc(Oc3ccc(cc3)S(=O)(=O)c3ccc(C)cc3)cc2)cc1)OC.C(=O)(C)O', 'c1c(ccc(Oc2ccc(cc2)-c2ccc(OC)cc2)c1)S(=O)(c1ccc(C)cc1)=O.OC(=O)C', 'c1cc(-c2ccc(cc2)OC)ccc1Oc1ccc(S(c2ccc(C)cc2)(=O)=O)cc1.O=C(O)C', 'c1cc(C)ccc1S(=O)(c1ccc(cc1)Oc1ccc(cc1)-c1ccc(cc1)OC)=O.C(=O)(O)C']",92.2,0.227,21.4,5.0,50.0,2.5
0.20985465914251417,"['[Si](C)(C)(C)O(C).CC(=O)O', 'O([Si](C)(C)C)C.O=C(O)C', '[Si](C)(C)(C)OC.OC(=O)C', 'O(C)[Si](C)(C)C.OC(C)=O', 'C[Si](C)(OC)C.C(O)(=O)C', 'C[Si](OC)(C)C.C(C)(O)=O']",108.08219,95.0,21.4,94.62,25.0,0.17
0.20660415798478074,"['[Si](C)(C)(C)O(C).CC(=O)O', 'O([Si](C)(C)C)C.OC(C)=O', 'CO[Si](C)(C)C.OC(=O)C', '[Si](C)(C)(C)OC.C(=O)(C)O', 'C[Si](C)(C)OC.C(C)(O)=O', 'C[Si](C)(OC)C.O=C(C)O']",108.08219,95.0,21.4,90.0,25.0,0.17
0.2838640340151812,"['[Si](C)(C)(C)O(C).CC(=O)O', '[Si](C)(OC)(C)C.OC(=O)C', 'C[Si](C)(C)OC.C(O)(=O)C', '[Si](C)(C)(C)OC.OC(C)=O', 'C[Si](C)(OC)C.O=C(O)C', '[Si](C)(C)(OC)C.C(=O)(C)O']",108.08219,95.0,21.4,89.97,25.0,0.17
0.045165751292206874,"['[Si](C)(C)(C)O(C).CC(=O)O', 'O(C)[Si](C)(C)C.OC(=O)C', 'C[Si](C)(C)OC.O=C(C)O', 'CO[Si](C)(C)C.O=C(O)C', '[Si](C)(OC)(C)C.OC(C)=O', 'O([Si](C)(C)C)C.C(O)(C)=O']",108.08219,95.0,21.4,79.78,25.0,0.17
0.04836994982347103,"['[Si](C)(C)(C)O(C).CC(=O)O', '[Si](C)(C)(OC)C.O=C(O)C', 'C[Si](C)(C)OC.C(O)(=O)C', 'O(C)[Si](C)(C)C.CC(O)=O', 'O([Si](C)(C)C)C.OC(=O)C', 'C[Si](OC)(C)C.C(C)(=O)O']",108.08219,95.0,21.4,90.0,45.0,0.17
0.057461256377560686,"['Cc5ccc(c4nc3cc(c2ccc1nc(C)oc1c2)ccc3o4)cc5.CCCCO', 'c1cc(-c2nc3c(o2)ccc(-c2ccc4nc(C)oc4c2)c3)ccc1C.C(CCC)O', 'c1c(ccc(-c2oc3ccc(cc3n2)-c2ccc3nc(oc3c2)C)c1)C.OCCCC', 'c1(-c2ccc3c(c2)nc(o3)-c2ccc(C)cc2)cc2oc(nc2cc1)C.C(O)CCC', 'n1c2ccc(cc2oc1C)-c1cc2c(oc(-c3ccc(C)cc3)n2)cc1.C(CCO)C', 'c1c(cc2oc(nc2c1)C)-c1cc2nc(-c3ccc(cc3)C)oc2cc1.C(CC)CO']",84.0,50.0,23.1,15.0,60.0,1.0
0.04686472726183071,"['Cc5ccc(c4nc3cc(c2ccc1nc(C)oc1c2)ccc3o4)cc5.CC(C)O', 'c1(nc2c(o1)ccc(-c1ccc3nc(oc3c1)C)c2)-c1ccc(cc1)C.CC(O)C', 'c1(C)oc2c(n1)ccc(c2)-c1ccc2oc(-c3ccc(C)cc3)nc2c1.OC(C)C', 'c1(-c2nc3c(ccc(-c4ccc5nc(C)oc5c4)c3)o2)ccc(cc1)C.C(O)(C)C', 'c1(ccc(cc1)-c1oc2c(n1)cc(cc2)-c1ccc2c(oc(n2)C)c1)C.C(C)(O)C', 'Cc1nc2c(cc(cc2)-c2cc3c(cc2)oc(n3)-c2ccc(cc2)C)o1.C(C)(C)O']",84.0,50.0,23.5,15.0,60.0,1.0
0.04573504139374617,"['O=S(=O)(c1ccc(C)cc1)c4ccc(Oc3ccc(c2ccc(O(C))cc2)cc3)cc4.CCO', 'c1cc(-c2ccc(OC)cc2)ccc1Oc1ccc(cc1)S(=O)(=O)c1ccc(C)cc1.C(C)O', 'c1c(Oc2ccc(-c3ccc(cc3)OC)cc2)ccc(S(=O)(c2ccc(C)cc2)=O)c1.C(O)C', 'c1cc(-c2ccc(cc2)Oc2ccc(cc2)S(=O)(=O)c2ccc(cc2)C)ccc1OC.OCC']",92.2,16.0,26.5,15.0,45.0,1.0
0.04702233792835351,"['C(C)C(C)(O).CCO', 'CC(CC)O.C(O)C', 'OC(CC)C.C(C)O', 'OC(C)CC.OCC']",74.0,15.0,26.5,15.0,40.0,1.0
0.047270740511928006,"['NC2C(O)C(OC1OC(CO)C(O(C))C(O)C1N)C(CO)OC2(C).CCO', 'O1C(OC2C(OC(C)C(C2O)N)CO)C(N)C(C(C1CO)OC)O.OCC', 'C1(O)C(N)C(OC(CO)C1OC)OC1C(O)C(C(OC1CO)C)N.C(O)C', 'OCC1OC(C)C(C(C1OC1OC(C(OC)C(O)C1N)CO)O)N.C(C)O']",42.0,40.0,26.5,10.0,80.0,5.0
0.0480850050738633,"['[Si](C)(C)(C)O(C).CCO', 'C[Si](C)(OC)C.OCC', 'O(C)[Si](C)(C)C.C(O)C', '[Si](OC)(C)(C)C.C(C)O']",108.08219,10.0,26.5,94.0,40.0,1.0
0.18974770502289842,"['O=C(O)C1OC(C)C(O)C(O)C1O(C).O=C(O)C1OC(C)C(O)C(O)C1O(C).CCO', 'COC1C(OC(C)C(C1O)O)C(O)=O.CC1OC(C(OC)C(O)C1O)C(=O)O.C(O)C', 'O=C(O)C1OC(C(O)C(O)C1OC)C.O1C(C)C(C(C(OC)C1C(=O)O)O)O.C(C)O', 'C1(C(C(OC(C1O)C)C(=O)O)OC)O.O(C)C1C(C(O)C(C)OC1C(O)=O)O.OCC']",37.37,45.0,26.5,10.0,50.0,3.0
0.22510950389732576,"['O=C(O)C1OC(C)C(O)C(O)C1O(C).O=C(O)C1OC(C)C(O)C(O)C1O(C).CC(C)O', 'CC1C(C(C(C(C(O)=O)O1)OC)O)O.OC1C(C(C(C(=O)O)OC1C)OC)O.C(C)(C)O', 'CC1OC(C(OC)C(C1O)O)C(=O)O.O=C(O)C1C(C(O)C(O)C(C)O1)OC.CC(O)C', 'CC1OC(C(C(C1O)O)OC)C(O)=O.O(C)C1C(OC(C(C1O)O)C)C(O)=O.OC(C)C', 'COC1C(C(O)=O)OC(C(O)C1O)C.CC1C(O)C(O)C(OC)C(C(O)=O)O1.C(C)(O)C', 'OC(C1C(OC)C(C(O)C(C)O1)O)=O.O=C(O)C1OC(C)C(C(C1OC)O)O.C(O)(C)C']",37.37,45.0,23.5,20.0,50.0,3.0
0.2303830551739481,"['O=C(O)C1OC(C)C(O)C(O)C1O(C).O=C(O)C1OC(C)C(O)C(O)C1O(C).CC(C)O', 'O(C1C(OC(C)C(O)C1O)C(O)=O)C.CC1OC(C(C(O)C1O)OC)C(O)=O.C(C)(C)O', 'OC(C1C(OC)C(O)C(O)C(C)O1)=O.O1C(C(=O)O)C(OC)C(C(C1C)O)O.CC(O)C', 'C1(O)C(OC(C(O)=O)C(C1O)OC)C.C(=O)(O)C1C(C(C(C(C)O1)O)O)OC.OC(C)C', 'C1(C(OC)C(O)C(C(C)O1)O)C(=O)O.OC(C1OC(C)C(C(C1OC)O)O)=O.C(C)(O)C', 'COC1C(C(O)C(C)OC1C(=O)O)O.COC1C(OC(C)C(C1O)O)C(O)=O.C(O)(C)C']",37.37,45.0,23.5,30.0,50.0,3.0
0.2253602457575364,"['C(C)C(C)(O).CCO', 'OC(CC)C.OCC', 'OC(C)CC.C(C)O', 'CCC(O)C.C(O)C']",76.2,22.0,26.5,30.0,40.0,3.0
0.26179441615773386,"['C(C)C(C)(O).CCO', 'CC(O)CC.OCC', 'CC(CC)O.C(O)C']",74.0,22.0,26.5,50.0,50.0,3.0
0.2700485327986358,"['C(C)C(C)(O).CCO', 'OC(C)CC.C(O)C', 'OC(CC)C.C(C)O', 'CC(CC)O.OCC']",76.8,22.0,26.5,70.0,40.0,3.0
0.2538050709384573,"['C(C)C(C)(O).CCO', 'CCC(O)C.OCC', 'CC(CC)O.C(O)C', 'C(C(O)C)C.C(C)O']",74.0,22.0,26.5,70.0,40.0,3.0
0.2556249855204232,"['C(C)C(C)(O).CCO', 'CC(O)CC.OCC', 'CCC(C)O.C(C)O', 'C(C)(CC)O.C(O)C']",76.2,22.0,26.5,90.0,40.0,3.0
0.24908945601914997,"['C(C)C(C)(O).CCO', 'CC(O)CC.OCC', 'OC(C)CC.C(O)C', 'CCC(C)O.C(C)O']",74.0,22.0,26.5,70.0,50.0,3.0
0.1458271834906027,"['C/C(C)=C(C)/[Si](C)(C)C.CCO', 'CC(C)=C([Si](C)(C)C)C.OCC', 'CC(=C(C)C)[Si](C)(C)C.C(O)C', 'C[Si](C(C)=C(C)C)(C)C.C(C)O']",100.0,15.8,26.5,95.0,50.0,0.04
0.1350736942948796,"['C/C(C)=C(C)/[Si](C)(C)C.CCO', 'C[Si](C(C)=C(C)C)(C)C.C(O)C', 'C[Si](C)(C)C(C)=C(C)C.OCC', 'CC(C)=C([Si](C)(C)C)C.C(C)O']",100.0,2.02,26.5,95.0,50.0,0.04
0.13578294580287945,"['C/C(C)=C(C)/[Si](C)(C)C.CCO', 'CC(=C([Si](C)(C)C)C)C.OCC', 'CC(C)=C(C)[Si](C)(C)C.C(C)O', 'CC(=C(C)[Si](C)(C)C)C.C(O)C']",100.0,1.93,26.5,95.0,50.0,0.04
0.14713099483560801,"['C(C)C(C)(O).CCO', 'OC(C)CC.OCC', 'CC(O)CC.C(C)O', 'C(C)(O)CC.C(O)C']",69.6,40.0,26.5,10.0,60.0,3.5
0.13731421833997665,"['[Si](C)(C)(C)O(C).CCO', 'C[Si](C)(C)OC.C(O)C', 'C[Si](C)(OC)C.C(C)O', 'C[Si](OC)(C)C.OCC']",103.72,8.9,26.5,95.0,40.0,1.0
0.13549822218027957,"['C(C)C(C)(O).CCO', 'CCC(C)O.OCC', 'CC(O)CC.C(O)C', 'CCC(O)C.C(C)O']",59.0,45.0,26.5,70.0,22.0,0.3
0.08078457531646005,"['NC2C(O)C(OC1OC(CO)C(O(C))C(O)C1N)C(CO)OC2(C).CCO', 'C(O)C1OC(C)C(N)C(C1OC1OC(CO)C(C(O)C1N)OC)O.OCC', 'NC1C(OC(C(OC)C1O)CO)OC1C(O)C(C(C)OC1CO)N.C(C)O', 'O1C(C(OC2OC(CO)C(C(O)C2N)OC)C(O)C(N)C1C)CO.C(O)C']",55.1,30.0,26.5,10.0,25.0,1.0
0.080159272494543,"['[Si](C)(C)(C)O(C).CCO', 'C[Si](C)(OC)C.C(O)C', 'C[Si](OC)(C)C.OCC', 'O([Si](C)(C)C)C.C(C)O']",108.08219,9.5,26.5,94.0,70.0,3.0
0.07992064046132465,,,,,,,
0.08031600414378741,,,,,,,
0.08039305451154262,,,,,,,
0.0807849964055733,,,,,,,
0.17782164768336753,,,,,,,
0.1756104819443937,,,,,,,
0.17440247712137202,,,,,,,
0.17653684087987756,,,,,,,
0.17631943975250344,,,,,,,
0.17662595376511067,,,,,,,
0.17455651681439643,,,,,,,
0.16364153438899037,,,,,,,
0.17287210798957686,,,,,,,
0.16145893101240946,,,,,,,
0.16389692695914485,,,,,,,
0.1641946029139169,,,,,,,
0.1679267284282082,,,,,,,
0.15920155934132982,,,,,,,
0.1617139593164877,,,,,,,
0.16576898245914592,,,,,,,
0.1600997857349816,,,,,,,
0.1604935469226219,,,,,,,
0.12586466268114932,,,,,,,
0.12427343233741392,,,,,,,
0.12476277370908356,,,,,,,
0.1279561820452607,,,,,,,
0.07166495939895468,,,,,,,
0.07207242084103388,,,,,,,
0.07211685052534801,,,,,,,
0.07163829761023754,,,,,,,
0.07163829761023754,,,,,,,
0.07169836178340379,,,,,,,
0.08970642388155418,,,,,,,
0.08989617598794138,,,,,,,
0.08982452928248494,,,,,,,
0.08981451352625178,,,,,,,
0.09017386375696411,,,,,,,
0.08987748615364782,,,,,,,
0.15278320427916425,,,,,,,
0.15512625731145693,,,,,,,
0.15055314912532491,,,,,,,
0.15359088929844092,,,,,,,
0.15143859969869183,,,,,,,
0.15336343193541463,,,,,,,
0.6424203792318761,,,,,,,
0.6587402238542028,,,,,,,
0.660527602225506,,,,,,,
0.6443221960705412,,,,,,,
0.6455964322349699,,,,,,,
0.6449062722524863,,,,,,,
0.24066889424239993,,,,,,,
0.24075331702412853,,,,,,,
0.24061449473187344,,,,,,,
0.24061449473187344,,,,,,,
0.24061449473187344,,,,,,,
0.24053007195014486,,,,,,,
0.24111429163624376,,,,,,,
0.24122155058692676,,,,,,,
0.24105989212571718,,,,,,,
0.24122155058692676,,,,,,,
0.24105989212571718,,,,,,,
0.24105989212571718,,,,,,,
0.2743799171175376,,,,,,,
0.27440275328649216,,,,,,,
0.27450905264446707,,,,,,,
0.2743799171175376,,,,,,,
0.2742410948252825,,,,,,,
0.2743473941832575,,,,,,,
0.27585918975310425,,,,,,,
0.275921708776866,,,,,,,
0.27588202592205874,,,,,,,
0.2760833672380755,,,,,,,
0.275921708776866,,,,,,,
0.275921708776866,,,,,,,
0.9005039260005864,,,,,,,
0.9025698412545855,,,,,,,
0.8939069383380135,,,,,,,
0.898600066458949,,,,,,,
0.9035415469846626,,,,,,,
0.9019621242294108,,,,,,,
0.9921766878561168,,,,,,,
0.9977577491549288,,,,,,,
0.9899667283198463,,,,,,,
0.9850685702360528,,,,,,,
0.9957156357937553,,,,,,,
0.9874071035682028,,,,,,,
0.03625508710389373,,,,,,,
0.03494687790125468,,,,,,,
0.034534894395978885,,,,,,,
0.040284632107093696,,,,,,,
0.034848531697066656,,,,,,,
0.03574767836478298,,,,,,,
0.034952346452308394,,,,,,,
0.03500396653771429,,,,,,,
0.03738292577528224,,,,,,,
0.03658657415571296,,,,,,,
0.039017032359670425,,,,,,,
0.03591079015660252,,,,,,,
0.357566592883216,,,,,,,
0.368215448537937,,,,,,,
0.35757977470139773,,,,,,,
0.3579183073667611,,,,,,,
0.35757977470139773,,,,,,,
0.3605293808961728,,,,,,,
0.3584342186945093,,,,,,,
0.3584342186945093,,,,,,,
0.36174305881059093,,,,,,,
0.3584342186945093,,,,,,,
0.3584342186945093,,,,,,,
0.35968653955012425,,,,,,,
0.3767499974897673,,,,,,,
0.3767499974897673,,,,,,,
0.3767499974897673,,,,,,,
0.3783819445936332,,,,,,,
0.3780023183453822,,,,,,,
0.3767499974897673,,,,,,,
0.24724731534327107,,,,,,,
0.24724731534327107,,,,,,,
0.24724731534327107,,,,,,,
0.24724731534327107,,,,,,,
0.24724731534327107,,,,,,,
0.24724731534327107,,,,,,,
0.2474228670556378,,,,,,,
0.2474228670556378,,,,,,,
0.2474228670556378,,,,,,,
0.2474228670556378,,,,,,,
0.2474228670556378,,,,,,,
0.2474228670556378,,,,,,,
0.23339959948453762,,,,,,,
0.23339959948453762,,,,,,,
0.23339843980857272,,,,,,,
0.23339843980857272,,,,,,,
0.23348286259030124,,,,,,,
0.2335625187674574,,,,,,,
3.1868412668357187,,,,,,,
3.2739275324953816,,,,,,,
3.1280596120687996,,,,,,,
3.165184709910922,,,,,,,
3.1345678881886894,,,,,,,
3.168624937692997,,,,,,,
1.20563522064145,,,,,,,
1.2056011678191414,,,,,,,
1.204699447915258,,,,,,,
1.204668218209314,,,,,,,
1.2059415767924992,,,,,,,
0.5617228781858637,,,,,,,
0.5588386405491989,,,,,,,
0.5627236336449143,,,,,,,
1.0159614361015707,,,,,,,
0.5588386405491989,,,,,,,
0.562474315463096,,,,,,,
0.8980217025119663,,,,,,,
0.8956164137673835,,,,,,,
0.8963710774532416,,,,,,,
0.8956164137673835,,,,,,,
0.8985805150700091,,,,,,,
0.8956164137673835,,,,,,,
0.8980217025119663,,,,,,,
0.8956164137673835,,,,,,,
0.8977951971906231,,,,,,,
0.8977951971906231,,,,,,,
0.8963710774532416,,,,,,,
0.8956164137673835,,,,,,,
0.9580649539589801,,,,,,,
0.9556596652143974,,,,,,,
0.9556596652143974,,,,,,,
0.9549853306185201,,,,,,,
0.9556596652143974,,,,,,,
0.9578384486376369,,,,,,,
1.2605762105593874,,,,,,,
1.2587177146218034,,,,,,,
0.3919680474704246,,,,,,,
0.3915082706219642,,,,,,,
0.4820311181585322,,,,,,,
0.49896257995856164,,,,,,,
0.4874103597820223,,,,,,,
0.5028999422853575,,,,,,,
0.2769216226287865,,,,,,,
0.28059304777417043,,,,,,,
0.2797421470900033,,,,,,,
0.28159764316345154,,,,,,,
0.6647997587521207,,,,,,,
0.6589412173515464,,,,,,,
0.3059641000984875,,,,,,,
0.30854035155767556,,,,,,,
0.31000350545103095,,,,,,,
0.6681757671600695,,,,,,,
0.30939125224184266,,,,,,,
0.30946635974350106,,,,,,,
1.0259542322344533,,,,,,,
1.0206204107013463,,,,,,,
1.3757045775235428,,,,,,,
1.367431035465403,,,,,,,
1.3790633231164278,,,,,,,
1.3625281646424467,,,,,,,
0.5622039317168894,,,,,,,
0.5606997838692116,,,,,,,
0.3006912173076951,,,,,,,
0.3067863572098051,,,,,,,
0.3257357200424586,,,,,,,
0.3367624875997529,,,,,,,
0.3839185745029516,,,,,,,
0.3792754452843166,,,,,,,
0.4067885126579195,,,,,,,
0.413469487564659,,,,,,,
0.7823261566010921,,,,,,,
0.7971582815713781,,,,,,,
0.3683384389210047,,,,,,,
0.3645943077342025,,,,,,,
0.08530349021201354,,,,,,,
0.08382545133047516,,,,,,,
0.08386007703898449,,,,,,,
0.5623438324827524,,,,,,,
0.5512301249736258,,,,,,,
0.544522492606281,,,,,,,
1.2881261727997395,,,,,,,
1.2373801811253768,,,,,,,
1.3018862566177702,,,,,,,
2.532952081612098,,,,,,,
2.4279335035412113,,,,,,,
2.523380423113765,,,,,,,
5.528051499443543,,,,,,,
5.560181232705159,,,,,,,
5.4759767680105105,,,,,,,
1.0321415231349382,,,,,,,
1.0332746406114282,,,,,,,
1.032255389782909,,,,,,,
0.06070200364809615,,,,,,,
0.058793709204718846,,,,,,,
0.057167253985618664,,,,,,,
0.2479880409995314,,,,,,,
0.2514992717753776,,,,,,,
0.2523939296343447,,,,,,,
0.2634045149972995,,,,,,,
0.2647040176813881,,,,,,,
0.2633042008105177,,,,,,,
0.8159308947093129,,,,,,,
0.8691205738531977,,,,,,,
0.7741822364670247,,,,,,,
1.0917265039608013,,,,,,,
1.0814282180698522,,,,,,,
1.0818796877496024,,,,,,,
1.366682585163008,,,,,,,
1.4056879473890018,,,,,,,
1.3300822930409084,,,,,,,
1.2116835271971875,,,,,,,
1.233585601496256,,,,,,,
1.2071886472045859,,,,,,,
1.5528957916331363,,,,,,,
1.4523790313362455,,,,,,,
1.6292101051313275,,,,,,,
0.16268758985151743,,,,,,,
0.16537121065718133,,,,,,,
0.1615102466793506,,,,,,,
0.16161313270305344,,,,,,,
0.16289342428399065,,,,,,,
0.16512656216169674,,,,,,,
0.0963916013224001,,,,,,,
0.09664862602026277,,,,,,,
0.09629891687836069,,,,,,,
0.0966569802761251,,,,,,,
0.09652530651443104,,,,,,,
0.09686961112158252,,,,,,,
0.11446944979175289,,,,,,,
0.11459361887319272,,,,,,,
0.11445189993737083,,,,,,,
0.11449638250895323,,,,,,,
0.11411025274085221,,,,,,,
0.11478021738734294,,,,,,,
0.19041434075916064,,,,,,,
0.19067734730462496,,,,,,,
0.1906132640204018,,,,,,,
0.18997564121406443,,,,,,,
0.19308245518597034,,,,,,,
0.19098142685084052,,,,,,,
0.2713356434712875,,,,,,,
0.2713538638918182,,,,,,,
0.33851255398841473,,,,,,,
0.27711269800657745,,,,,,,
0.3178543791852619,,,,,,,
0.32897891145541724,,,,,,,
0.12528860159275096,,,,,,,
0.12560955134254162,,,,,,,
0.12560955134254162,,,,,,,
0.12560955134254162,,,,,,,
0.12556408193320956,,,,,,,
0.12556408193320956,,,,,,,
0.12460238088811337,,,,,,,
0.1251749965596987,,,,,,,
0.12602165452729824,,,,,,,
0.12578391676419742,,,,,,,
0.12512952715036665,,,,,,,
0.1258924872028715,,,,,,,
0.12460238088811337,,,,,,,
0.1251749965596987,,,,,,,
0.12512952715036665,,,,,,,
0.1251749965596987,,,,,,,
0.1258924872028715,,,,,,,
0.12578391676419742,,,,,,,
0.12472485486275281,,,,,,,
0.12529747053433812,,,,,,,
0.12601496117751093,,,,,,,
0.12614412850193768,,,,,,,
0.12529747053433812,,,,,,,
0.12477032427208487,,,,,,,
1.1172417492510522,,,,,,,
0.535037323628046,,,,,,,
1.0893739916374032,,,,,,,
0.5527680230786494,,,,,,,
1.1415984005982656,,,,,,,
1.1419137756210407,,,,,,,
0.058468643703335495,,,,,,,
0.05584894438093503,,,,,,,
0.05882556337059339,,,,,,,
0.04911832779368706,,,,,,,
0.05603218383751163,,,,,,,
0.05696749088601729,,,,,,,
0.057688940279748066,,,,,,,
0.05492809941412231,,,,,,,
0.055283500187145236,,,,,,,
0.049309278543984786,,,,,,,
0.04919561868592488,,,,,,,
0.0490731502993363,,,,,,,
0.04251072310480391,,,,,,,
0.04305452711085238,,,,,,,
0.04288066006729175,,,,,,,
0.043909962418955034,,,,,,,
0.0729694102020551,,,,,,,
0.07249536418921959,,,,,,,
0.07249536418921959,,,,,,,
0.07227117608899233,,,,,,,
0.13983300391709727,,,,,,,
0.17232821340694754,,,,,,,
0.17446300545304422,,,,,,,
0.18909326159306622,,,,,,,
1.5296593303013133,,,,,,,
1.5320747376670116,,,,,,,
1.536155073859989,,,,,,,
1.536071964804923,,,,,,,
0.19278386127809471,,,,,,,
0.1979411011474824,,,,,,,
0.19265421118763923,,,,,,,
0.1957018017726202,,,,,,,
0.9310011980121116,,,,,,,
0.8200841009461161,,,,,,,
0.8366524839169729,,,,,,,
0.8139821743159051,,,,,,,
0.8847582088542197,,,,,,,
0.8435758975165336,,,,,,,
0.5136143214260126,,,,,,,
0.5021374467845975,,,,,,,
0.4781528685308764,,,,,,,
0.5338665612749414,,,,,,,
0.5213710938536562,,,,,,,
0.4395663663676752,,,,,,,
0.4861135013246475,,,,,,,
0.48697751503311787,,,,,,,
0.48771712211897117,,,,,,,
0.48690677594234644,,,,,,,
0.8870521289999258,,,,,,,
0.8935105874468299,,,,,,,
0.8889997977059969,,,,,,,
1.5741974858590009,,,,,,,
1.574553132787193,,,,,,,
1.5752698987149096,,,,,,,
1.575355757190692,,,,,,,
1.5822673203573123,,,,,,,
1.5818156689389824,,,,,,,
1.5815182628198914,,,,,,,
1.5818947348175694,,,,,,,
2.1651277333422914,,,,,,,
2.162712419564396,,,,,,,
2.159451420497132,,,,,,,
2.1589225126411753,,,,,,,
1.779312148985827,,,,,,,
1.7670745061352582,,,,,,,
1.778101413781823,,,,,,,
1.7559358830873477,,,,,,,
0.7796916927599018,,,,,,,
0.7770197041815388,,,,,,,
0.7755115133525633,,,,,,,
0.7777197761284577,,,,,,,
5.254737195891589,,,,,,,
5.221659989236821,,,,,,,
5.253410769267838,,,,,,,
5.251128107385151,,,,,,,
5.254737195891589,,,,,,,
5.272257587254758,,,,,,,
5.222139743932307,,,,,,,
5.2448887644927025,,,,,,,
0.08322917334479939,,,,,,,
0.08324163279221566,,,,,,,
0.0833189358225187,,,,,,,
0.08330647637510241,,,,,,,
2.300331349490922,,,,,,,
2.3058868324714585,,,,,,,
2.31197250677699,,,,,,,
2.317370868361728,,,,,,,
0.9341057975504058,,,,,,,
0.9342019005055039,,,,,,,
0.9226210521073909,,,,,,,
0.9248662014237696,,,,,,,
0.14098718690592107,,,,,,,
0.13931558757918197,,,,,,,
0.13945945124592302,,,,,,,
0.13822572762726662,,,,,,,
2.821122739039942,,,,,,,
3.006941936098014,,,,,,,
3.0509763554141696,,,,,,,
2.8101199941352837,,,,,,,
