Experiment_ID,Rxn_temp,Pd_mol%,Ligand_Name,Ligand_SMILES,Ligand_mol%,E-PR_AY,Ligand_SELFIES,E-PR_AY_shuffled,Ligand_Big_SMILES
1,20.0,2.5,PoTol3,CC1=CC=CC=C1P(C2=CC=CC=C2C)C3=CC=CC=C3C,3.8,33.807375235821326,[C][C][=C][C][=C][C][=C][Ring1][Branch1_2][P][Branch1_1][Branch2_3][C][=C][C][=C][C][=C][Ring1][Branch1_2][C][C][=C][C][=C][C][=C][Ring1][Branch1_2][C],5.605658997004494,{[$]C1=CC=CC=C1P(C2=CC=CC=C2C)C3=CC=CC=C3C}
2,20.0,2.5,PoTol3,CC1=CC=CC=C1P(C2=CC=CC=C2C)C3=CC=CC=C3C,3.8,31.68253098997345,[C][C][=C][C][=C][C][=C][Ring1][Branch1_2][P][Branch1_1][Branch2_3][C][=C][C][=C][C][=C][Ring1][Branch1_2][C][C][=C][C][=C][C][=C][Ring1][Branch1_2][C],1.5898772595860553,{[$]C1=CC=CC=C1P(C2=CC=CC=C2C)C3=CC=CC=C3C}
3,20.0,2.5,PoTol3,CC1=CC=CC=C1P(C2=CC=CC=C2C)C3=CC=CC=C3C,3.8,27.9692387473923,[C][C][=C][C][=C][C][=C][Ring1][Branch1_2][P][Branch1_1][Branch2_3][C][=C][C][=C][C][=C][Ring1][Branch1_2][C][C][=C][C][=C][C][=C][Ring1][Branch1_2][C],72.24744463840095,{[$]C1=CC=CC=C1P(C2=CC=CC=C2C)C3=CC=CC=C3C}
4,20.0,2.5,PoTol3,CC1=CC=CC=C1P(C2=CC=CC=C2C)C3=CC=CC=C3C,3.8,30.82003355579568,[C][C][=C][C][=C][C][=C][Ring1][Branch1_2][P][Branch1_1][Branch2_3][C][=C][C][=C][C][=C][Ring1][Branch1_2][C][C][=C][C][=C][C][=C][Ring1][Branch1_2][C],56.560148189898406,{[$]C1=CC=CC=C1P(C2=CC=CC=C2C)C3=CC=CC=C3C}
5,20.0,2.5,PoTol3,CC1=CC=CC=C1P(C2=CC=CC=C2C)C3=CC=CC=C3C,3.8,29.530629027561428,[C][C][=C][C][=C][C][=C][Ring1][Branch1_2][P][Branch1_1][Branch2_3][C][=C][C][=C][C][=C][Ring1][Branch1_2][C][C][=C][C][=C][C][=C][Ring1][Branch1_2][C],13.34198040366042,{[$]C1=CC=CC=C1P(C2=CC=CC=C2C)C3=CC=CC=C3C}
6,20.0,2.5,PoTol3,CC1=CC=CC=C1P(C2=CC=CC=C2C)C3=CC=CC=C3C,3.8,28.38641262830008,[C][C][=C][C][=C][C][=C][Ring1][Branch1_2][P][Branch1_1][Branch2_3][C][=C][C][=C][C][=C][Ring1][Branch1_2][C][C][=C][C][=C][C][=C][Ring1][Branch1_2][C],15.110514707272754,{[$]C1=CC=CC=C1P(C2=CC=CC=C2C)C3=CC=CC=C3C}
7,20.0,2.5,PoTol3,CC1=CC=CC=C1P(C2=CC=CC=C2C)C3=CC=CC=C3C,3.8,29.977209237475822,[C][C][=C][C][=C][C][=C][Ring1][Branch1_2][P][Branch1_1][Branch2_3][C][=C][C][=C][C][=C][Ring1][Branch1_2][C][C][=C][C][=C][C][=C][Ring1][Branch1_2][C],63.62739960820355,{[$]C1=CC=CC=C1P(C2=CC=CC=C2C)C3=CC=CC=C3C}
8,20.0,2.5,PoTol3,CC1=CC=CC=C1P(C2=CC=CC=C2C)C3=CC=CC=C3C,3.8,30.569960007111806,[C][C][=C][C][=C][C][=C][Ring1][Branch1_2][P][Branch1_1][Branch2_3][C][=C][C][=C][C][=C][Ring1][Branch1_2][C][C][=C][C][=C][C][=C][Ring1][Branch1_2][C],9.76248373480832,{[$]C1=CC=CC=C1P(C2=CC=CC=C2C)C3=CC=CC=C3C}
9,32.81068801879883,2.7,Sphos,COC1=C(C(=CC=C1)OC)C2=CC=CC=C2P(C3CCCCC3)C4CCCCC4,7.0,17.09330870041194,[C][O][C][=C][Branch1_1][O][C][Branch1_2][Branch1_2][=C][C][=C][Ring1][Branch1_2][O][C][C][=C][C][=C][C][=C][Ring1][Branch1_2][P][Branch1_1][Branch2_2][C][C][C][C][C][C][Ring1][Branch1_2][C][C][C][C][C][C][Ring1][Branch1_2],1.8789477235398,{[$]OC1=C(C(=CC=C1)OC)C2=CC=CC=C2P(C3CCCCC3)C4CCCCC4}
10,32.81068801879883,1.3,PhSPhos,COC1=C(C(=CC=C1)OC)C2=CC=CC=C2P(C3=CC=CC=C3)C4=CC=CC=C4,2.2,51.2669566175028,[C][O][C][=C][Branch1_1][O][C][Branch1_2][Branch1_2][=C][C][=C][Ring1][Branch1_2][O][C][C][=C][C][=C][C][=C][Ring1][Branch1_2][P][Branch1_1][Branch2_2][C][=C][C][=C][C][=C][Ring1][Branch1_2][C][=C][C][=C][C][=C][Ring1][Branch1_2],2.964092418473418,{[$]OC1=C(C(=CC=C1)OC)C2=CC=CC=C2P(C3=CC=CC=C3)C4=CC=CC=C4}
11,32.81068801879883,2.8,JohnPhos,CC(C)(C)P(C1=CC=CC=C1C2=CC=CC=C2)C(C)(C)C,8.0,0.5327690025690154,[C][C][Branch1_1][C][C][Branch1_1][C][C][P][Branch1_1][P][C][=C][C][=C][C][=C][Ring1][Branch1_2][C][=C][C][=C][C][=C][Ring1][Branch1_2][C][Branch1_1][C][C][Branch1_1][C][C][C],42.00410815054848,{[$]C[$][$]P(C1=CC=CC=C1C2=CC=CC=C2)C[$][$]C}
12,32.81068801879883,1.8,PallylPh2,C=CCP(C1=CC=CC=C1)C2=CC=CC=C2,3.0,15.110514707272754,[C][=C][C][P][Branch1_1][Branch2_2][C][=C][C][=C][C][=C][Ring1][Branch1_2][C][=C][C][=C][C][=C][Ring1][Branch1_2],4.673038710758409,{[$]=CCP(C1=CC=CC=C1)C2=CC=CC=C2}
13,32.81068801879883,3.4,RockPhos,CC1=C(C(=C(C=C1)OC)P(C(C)(C)C)C(C)(C)C)C2=C(C=C(C=C2C(C)C)C(C)C)C(C)C,6.4,2.446814822302925,[C][C][=C][Branch2_1][Ring1][S][C][Branch1_2][Branch2_3][=C][Branch1_1][Branch1_1][C][=C][Ring1][Branch1_2][O][C][P][Branch1_1][Branch2_2][C][Branch1_1][C][C][Branch1_1][C][C][C][C][Branch1_1][C][C][Branch1_1][C][C][C][C][=C][Branch2_1][Ring1][Ring1][C][=C][Branch1_1][Branch2_3][C][=C][Ring1][Branch1_2][C][Branch1_1][C][C][C][C][Branch1_1][C][C][C][C][Branch1_1][C][C][C],8.609450880026253,{[$]C1=C(C(=C(C=C1)OC)P(C[$][$]C)C[$][$]C)C2=C(C=C(C=C2C[$]C)C[$]C)C[$]C}
14,32.81068801879883,1.9,JohnPhos,CC(C)(C)P(C1=CC=CC=C1C2=CC=CC=C2)C(C)(C)C,6.2,0.4453659247971954,[C][C][Branch1_1][C][C][Branch1_1][C][C][P][Branch1_1][P][C][=C][C][=C][C][=C][Ring1][Branch1_2][C][=C][C][=C][C][=C][Ring1][Branch1_2][C][Branch1_1][C][C][Branch1_1][C][C][C],44.807572716823735,{[$]C[$][$]P(C1=CC=CC=C1C2=CC=CC=C2)C[$][$]C}
15,32.81068801879883,1.9,PEt3,CCP(CC)CC,3.0,16.146127429203506,[C][C][P][Branch1_1][Ring1][C][C][C][C],54.82058430101041,{[$]CP(CC)CC}
16,32.81068801879883,2.0,"PtBu2(E-but-2-enyl), m-CroPhos",CC=CCP(C(C)(C)C)C(C)(C)C,3.2,7.892511824967622,[C][C][=C][C][P][Branch1_1][Branch2_2][C][Branch1_1][C][C][Branch1_1][C][C][C][C][Branch1_1][C][C][Branch1_1][C][C][C],1.1556486089233262,{[$]C=CCP(C[$][$]C)C[$][$]C}
17,35.14908218383789,1.0,PhSPhos,COC1=C(C(=CC=C1)OC)C2=CC=CC=C2P(C3=CC=CC=C3)C4=CC=CC=C4,4.0,44.807572716823735,[C][O][C][=C][Branch1_1][O][C][Branch1_2][Branch1_2][=C][C][=C][Ring1][Branch1_2][O][C][C][=C][C][=C][C][=C][Ring1][Branch1_2][P][Branch1_1][Branch2_2][C][=C][C][=C][C][=C][Ring1][Branch1_2][C][=C][C][=C][C][=C][Ring1][Branch1_2],0.0,{[$]OC1=C(C(=CC=C1)OC)C2=CC=CC=C2P(C3=CC=CC=C3)C4=CC=CC=C4}
18,35.14908218383789,4.8,"PPh2(2,6-Me2-Ph)",CC1=C(C(=CC=C1)C)P(C2=CC=CC=C2)C3=CC=CC=C3,18.2,34.379721467506855,[C][C][=C][Branch1_1][Branch2_3][C][Branch1_2][Branch1_2][=C][C][=C][Ring1][Branch1_2][C][P][Branch1_1][Branch2_2][C][=C][C][=C][C][=C][Ring1][Branch1_2][C][=C][C][=C][C][=C][Ring1][Branch1_2],0.8950919101602525,{[$]C1=C(C(=CC=C1)C)P(C2=CC=CC=C2)C3=CC=CC=C3}
19,35.14908218383789,4.2,"P(3,5-Me2-4-OMe-Ph)3",CC1=CC(=CC(=C1OC)C)P(C2=CC(=C(C(=C2)C)OC)C)C3=CC(=C(C(=C3)C)OC)C,16.400000000000002,0.0,[C][C][=C][C][Branch1_2][O][=C][C][Branch1_2][Branch1_2][=C][Ring1][Branch1_2][O][C][C][P][Branch2_1][Ring1][Ring1][C][=C][C][Branch1_2][=N][=C][Branch1_1][Branch2_1][C][Branch1_2][Ring2][=C][Ring1][Branch1_2][C][O][C][C][C][=C][C][Branch1_2][=N][=C][Branch1_1][Branch2_1][C][Branch1_2][Ring2][=C][Ring1][Branch1_2][C][O][C][C],8.180793418751039,{[$]C1=CC(=CC(=C1OC)C)P(C2=CC(=C(C(=C2)C)OC)C)C3=CC(=C(C(=C3)C)OC)C}
20,35.14908218383789,1.4,PhSPhos,COC1=C(C(=CC=C1)OC)C2=CC=CC=C2P(C3=CC=CC=C3)C4=CC=CC=C4,0.8,38.08106091381557,[C][O][C][=C][Branch1_1][O][C][Branch1_2][Branch1_2][=C][C][=C][Ring1][Branch1_2][O][C][C][=C][C][=C][C][=C][Ring1][Branch1_2][P][Branch1_1][Branch2_2][C][=C][C][=C][C][=C][Ring1][Branch1_2][C][=C][C][=C][C][=C][Ring1][Branch1_2],28.24472926661054,{[$]OC1=C(C(=CC=C1)OC)C2=CC=CC=C2P(C3=CC=CC=C3)C4=CC=CC=C4}
21,35.14908218383789,5.0,P(nOct)3,CCCCCCCCP(CCCCCCCC)CCCCCCCC,18.4,0.6018107999953386,[C][C][C][C][C][C][C][C][P][Branch1_1][Branch2_2][C][C][C][C][C][C][C][C][C][C][C][C][C][C][C][C],1.2278371096943064,{[$]CCCCCCCP(CCCCCCCC)CCCCCCCC}
22,35.14908218383789,4.3,PhSPhos,COC1=C(C(=CC=C1)OC)C2=CC=CC=C2P(C3=CC=CC=C3)C4=CC=CC=C4,2.6,58.3362182169964,[C][O][C][=C][Branch1_1][O][C][Branch1_2][Branch1_2][=C][C][=C][Ring1][Branch1_2][O][C][C][=C][C][=C][C][=C][Ring1][Branch1_2][P][Branch1_1][Branch2_2][C][=C][C][=C][C][=C][Ring1][Branch1_2][C][=C][C][=C][C][=C][Ring1][Branch1_2],29.530629027561428,{[$]OC1=C(C(=CC=C1)OC)C2=CC=CC=C2P(C3=CC=CC=C3)C4=CC=CC=C4}
23,35.14908218383789,1.3,PhSPhos,COC1=C(C(=CC=C1)OC)C2=CC=CC=C2P(C3=CC=CC=C3)C4=CC=CC=C4,2.6,57.49638956018809,[C][O][C][=C][Branch1_1][O][C][Branch1_2][Branch1_2][=C][C][=C][Ring1][Branch1_2][O][C][C][=C][C][=C][C][=C][Ring1][Branch1_2][P][Branch1_1][Branch2_2][C][=C][C][=C][C][=C][Ring1][Branch1_2][C][=C][C][=C][C][=C][Ring1][Branch1_2],30.543753651134416,{[$]OC1=C(C(=CC=C1)OC)C2=CC=CC=C2P(C3=CC=CC=C3)C4=CC=CC=C4}
24,35.14908218383789,5.0,"PPh (4-(2,2-(CF3)2-F7pent)-Ph)2",C1=CC=C(C=C1)P(C2=CC=C(C=C2)CC(C(C(C(F)(F)F)(F)F)(F)F)(C(F)(F)F)C(F)(F)F)C3=CC=C(C=C3)CC(C(C(C(F)(F)F)(F)F)(F)F)(C(F)(F)F)C(F)(F)F,19.6,50.58524230978591,[C][=C][C][=C][Branch1_1][Branch1_1][C][=C][Ring1][Branch1_2][P][Branch2_1][Branch1_1][Branch2_1][C][=C][C][=C][Branch1_1][Branch1_1][C][=C][Ring1][Branch1_2][C][C][Branch2_1][Ring1][Branch1_3][C][Branch1_1][S][C][Branch1_1][Branch2_2][C][Branch1_1][C][F][Branch1_1][C][F][F][Branch1_1][C][F][F][Branch1_1][C][F][F][Branch1_1][Branch2_2][C][Branch1_1][C][F][Branch1_1][C][F][F][C][Branch1_1][C][F][Branch1_1][C][F][F][C][=C][C][=C][Branch1_1][Branch1_1][C][=C][Ring1][Branch1_2][C][C][Branch2_1][Ring1][Branch1_3][C][Branch1_1][S][C][Branch1_1][Branch2_2][C][Branch1_1][C][F][Branch1_1][C][F][F][Branch1_1][C][F][F][Branch1_1][C][F][F][Branch1_1][Branch2_2][C][Branch1_1][C][F][Branch1_1][C][F][F][C][Branch1_1][C][F][Branch1_1][C][F][F],2.513737977746386,{[$]1=CC=C(C=C1)P(C2=CC=C(C=C2)CC(C(C(C(F)(F)F)(F)F)(F)F)(C(F)(F)F)C(F)(F)F)C3=CC=C(C=C3)CC(C(C(C(F)(F)F)(F)F)(F)F)(C(F)(F)F)C(F)(F)F}
25,10.36997413635254,1.0,AtaPhos,CC(C)(C)P(C1=CC=C(C=C1)N(C)C)C(C)(C)C,0.6000000000000001,1.7896953233231776,[C][C][Branch1_1][C][C][Branch1_1][C][C][P][Branch1_1][S][C][=C][C][=C][Branch1_1][Branch1_1][C][=C][Ring1][Branch1_2][N][Branch1_1][C][C][C][C][Branch1_1][C][C][Branch1_1][C][C][C],2.293419807174025,{[$]C[$][$]P(C1=CC=C(C=C1)N[$]C)C[$][$]C}
26,10.36997413635254,1.0,Et-PhenCarPhos,CCP(CC)C1=CC=CC=C1N2C3=CC=CC=C3C4=CC=CC=C42,0.6000000000000001,6.452150442559975,[C][C][P][Branch1_1][Ring1][C][C][C][=C][C][=C][C][=C][Ring1][Branch1_2][N][C][=C][C][=C][C][=C][Ring1][Branch1_2][C][=C][C][=C][C][=C][Ring1][Branch1_2][Ring1][=N],55.41119042986797,{[$]CP(CC)C1=CC=CC=C1N2C3=CC=CC=C3C4=CC=CC=C42}
27,10.36997413635254,4.7,PoTol3,CC1=CC=CC=C1P(C2=CC=CC=C2C)C3=CC=CC=C3C,11.4,0.7017836179959207,[C][C][=C][C][=C][C][=C][Ring1][Branch1_2][P][Branch1_1][Branch2_3][C][=C][C][=C][C][=C][Ring1][Branch1_2][C][C][=C][C][=C][C][=C][Ring1][Branch1_2][C],0.2619104054902362,{[$]C1=CC=CC=C1P(C2=CC=CC=C2C)C3=CC=CC=C3C}
28,10.36997413635254,1.2,PPh2(2-OMe-Ph),COC1=CC=CC=C1P(C2=CC=CC=C2)C3=CC=CC=C3,4.800000000000001,0.6033552372786971,[C][O][C][=C][C][=C][C][=C][Ring1][Branch1_2][P][Branch1_1][Branch2_2][C][=C][C][=C][C][=C][Ring1][Branch1_2][C][=C][C][=C][C][=C][Ring1][Branch1_2],64.14417647589116,{[$]OC1=CC=CC=C1P(C2=CC=CC=C2)C3=CC=CC=C3}
29,10.36997413635254,1.8,(R)SITCP,C1CC23CCC4=C2C(=CC=C4)CP(CC5=CC=CC1=C35)C6=CC=CC=C6,7.0,0.0,[C][C][C][C][C][C][=C][Ring1][Branch1_1][C][Branch1_2][Branch1_2][=C][C][=C][Ring1][Branch1_2][C][P][Branch1_1][S][C][C][=C][C][=C][C][Ring2][Ring1][Ring1][=C][Ring2][Ring1][C][Ring1][Branch1_2][C][=C][C][=C][C][=C][Ring1][Branch1_2],4.86092218018953,{[$]1CC23CCC4=C2C(=CC=C4)CP(CC5=CC=CC1=C35)C6=CC=CC=C6}
30,10.36997413635254,4.8,PnPr3,CCCP(CCC)CCC,9.0,8.609450880026253,[C][C][C][P][Branch1_1][Ring2][C][C][C][C][C][C],0.41280919185239,{[$]CCP(CCC)CCC}
31,10.36997413635254,4.8,PhAtaPhos,CN(C)C1=CC=C(C=C1)P(C2=CC=CC=C2)C3=CC=CC=C3,5.6000000000000005,18.1477294753462,[C][N][Branch1_1][C][C][C][=C][C][=C][Branch1_1][Branch1_1][C][=C][Ring1][Branch1_2][P][Branch1_1][Branch2_2][C][=C][C][=C][C][=C][Ring1][Branch1_2][C][=C][C][=C][C][=C][Ring1][Branch1_2],0.4725629794181601,{[$]N[$]C1=CC=C(C=C1)P(C2=CC=CC=C2)C3=CC=CC=C3}
32,10.36997413635254,5.0,PCy2Ph,C1CCC(CC1)P(C2CCCCC2)C3=CC=CC=C3,7.2,8.180793418751039,[C][C][C][C][Branch1_1][Branch1_1][C][C][Ring1][Branch1_2][P][Branch1_1][Branch2_2][C][C][C][C][C][C][Ring1][Branch1_2][C][=C][C][=C][C][=C][Ring1][Branch1_2],66.10105230185984,{[$]1CCC(CC1)P(C2CCCCC2)C3=CC=CC=C3}
33,36.366249084472656,4.5,PhSPhos,COC1=C(C(=CC=C1)OC)C2=CC=CC=C2P(C3=CC=CC=C3)C4=CC=CC=C4,3.4000000000000004,63.43387934637158,[C][O][C][=C][Branch1_1][O][C][Branch1_2][Branch1_2][=C][C][=C][Ring1][Branch1_2][O][C][C][=C][C][=C][C][=C][Ring1][Branch1_2][P][Branch1_1][Branch2_2][C][=C][C][=C][C][=C][Ring1][Branch1_2][C][=C][C][=C][C][=C][Ring1][Branch1_2],2.3113102099075307,{[$]OC1=C(C(=CC=C1)OC)C2=CC=CC=C2P(C3=CC=CC=C3)C4=CC=CC=C4}
34,36.366249084472656,5.0,Ph2P(CH2)3Si(OEt)3,CCO[Si](CCCP(C1=CC=CC=C1)C2=CC=CC=C2)(OCC)OCC,11.6,29.599109916439502,[C][C][O][Siexpl][Branch2_1][Ring1][Branch1_3][C][C][C][P][Branch1_1][Branch2_2][C][=C][C][=C][C][=C][Ring1][Branch1_2][C][=C][C][=C][C][=C][Ring1][Branch1_2][Branch1_1][Ring2][O][C][C][O][C][C],2.3144416221504907,{[$]CO[Si](CCCP(C1=CC=CC=C1)C2=CC=CC=C2)(OCC)OCC}
35,36.366249084472656,5.0,PCy2Ph,C1CCC(CC1)P(C2CCCCC2)C3=CC=CC=C3,11.6,0.0,[C][C][C][C][Branch1_1][Branch1_1][C][C][Ring1][Branch1_2][P][Branch1_1][Branch2_2][C][C][C][C][C][C][Ring1][Branch1_2][C][=C][C][=C][C][=C][Ring1][Branch1_2],12.06180446777936,{[$]1CCC(CC1)P(C2CCCCC2)C3=CC=CC=C3}
36,36.366249084472656,1.4,PhSPhos,COC1=C(C(=CC=C1)OC)C2=CC=CC=C2P(C3=CC=CC=C3)C4=CC=CC=C4,4.0,56.560148189898406,[C][O][C][=C][Branch1_1][O][C][Branch1_2][Branch1_2][=C][C][=C][Ring1][Branch1_2][O][C][C][=C][C][=C][C][=C][Ring1][Branch1_2][P][Branch1_1][Branch2_2][C][=C][C][=C][C][=C][Ring1][Branch1_2][C][=C][C][=C][C][=C][Ring1][Branch1_2],16.146127429203506,{[$]OC1=C(C(=CC=C1)OC)C2=CC=CC=C2P(C3=CC=CC=C3)C4=CC=CC=C4}
37,36.366249084472656,3.3,Ph2P(CH2)3Si(OEt)3,CCO[Si](CCCP(C1=CC=CC=C1)C2=CC=CC=C2)(OCC)OCC,1.8,33.83293730391921,[C][C][O][Siexpl][Branch2_1][Ring1][Branch1_3][C][C][C][P][Branch1_1][Branch2_2][C][=C][C][=C][C][=C][Ring1][Branch1_2][C][=C][C][=C][C][=C][Ring1][Branch1_2][Branch1_1][Ring2][O][C][C][O][C][C],2.530256635441237,{[$]CO[Si](CCCP(C1=CC=CC=C1)C2=CC=CC=C2)(OCC)OCC}
38,36.366249084472656,1.3,PhSPhos,COC1=C(C(=CC=C1)OC)C2=CC=CC=C2P(C3=CC=CC=C3)C4=CC=CC=C4,3.4000000000000004,59.83758766600967,[C][O][C][=C][Branch1_1][O][C][Branch1_2][Branch1_2][=C][C][=C][Ring1][Branch1_2][O][C][C][=C][C][=C][C][=C][Ring1][Branch1_2][P][Branch1_1][Branch2_2][C][=C][C][=C][C][=C][Ring1][Branch1_2][C][=C][C][=C][C][=C][Ring1][Branch1_2],38.08106091381557,{[$]OC1=C(C(=CC=C1)OC)C2=CC=CC=C2P(C3=CC=CC=C3)C4=CC=CC=C4}
39,36.366249084472656,4.9,P(mesityl)3,CC1=CC(=C(C(=C1)C)P(C2=C(C=C(C=C2C)C)C)C3=C(C=C(C=C3C)C)C)C,4.6000000000000005,3.07565208009528,[C][C][=C][C][Branch2_2][Ring2][N][=C][Branch1_1][Branch2_1][C][Branch1_2][Ring2][=C][Ring1][Branch1_2][C][P][Branch1_1][S][C][=C][Branch1_1][O][C][=C][Branch1_1][Branch1_2][C][=C][Ring1][Branch1_2][C][C][C][C][=C][Branch1_1][O][C][=C][Branch1_1][Branch1_2][C][=C][Ring1][Branch1_2][C][C][C][C],19.474741089501496,{[$]C1=CC(=C(C(=C1)C)P(C2=C(C=C(C=C2C)C)C)C3=C(C=C(C=C3C)C)C)C}
40,36.366249084472656,1.6,PhSPhos,COC1=C(C(=CC=C1)OC)C2=CC=CC=C2P(C3=CC=CC=C3)C4=CC=CC=C4,4.2,57.630224879455774,[C][O][C][=C][Branch1_1][O][C][Branch1_2][Branch1_2][=C][C][=C][Ring1][Branch1_2][O][C][C][=C][C][=C][C][=C][Ring1][Branch1_2][P][Branch1_1][Branch2_2][C][=C][C][=C][C][=C][Ring1][Branch1_2][C][=C][C][=C][C][=C][Ring1][Branch1_2],16.47095331857814,{[$]OC1=C(C(=CC=C1)OC)C2=CC=CC=C2P(C3=CC=CC=C3)C4=CC=CC=C4}
41,14.3204345703125,4.5,P(C6F5)2Ph,C1=CC=C(C=C1)P(C2=C(C(=C(C(=C2F)F)F)F)F)C3=C(C(=C(C(=C3F)F)F)F)F,17.0,2.530256635441237,[C][=C][C][=C][Branch1_1][Branch1_1][C][=C][Ring1][Branch1_2][P][Branch2_1][Ring1][Branch1_2][C][=C][Branch1_1][P][C][Branch1_2][=N][=C][Branch1_1][Branch2_2][C][Branch1_2][Branch1_1][=C][Ring1][Branch1_2][F][F][F][F][F][C][=C][Branch1_1][P][C][Branch1_2][=N][=C][Branch1_1][Branch2_2][C][Branch1_2][Branch1_1][=C][Ring1][Branch1_2][F][F][F][F][F],1.592540090540913,{[$]1=CC=C(C=C1)P(C2=C(C(=C(C(=C2F)F)F)F)F)C3=C(C(=C(C(=C3F)F)F)F)F}
42,14.3204345703125,3.0,P(mesityl)3,CC1=CC(=C(C(=C1)C)P(C2=C(C=C(C=C2C)C)C)C3=C(C=C(C=C3C)C)C)C,3.8,2.550481181169747,[C][C][=C][C][Branch2_2][Ring2][N][=C][Branch1_1][Branch2_1][C][Branch1_2][Ring2][=C][Ring1][Branch1_2][C][P][Branch1_1][S][C][=C][Branch1_1][O][C][=C][Branch1_1][Branch1_2][C][=C][Ring1][Branch1_2][C][C][C][C][=C][Branch1_1][O][C][=C][Branch1_1][Branch1_2][C][=C][Ring1][Branch1_2][C][C][C][C],2.30231254981889,{[$]C1=CC(=C(C(=C1)C)P(C2=C(C=C(C=C2C)C)C)C3=C(C=C(C=C3C)C)C)C}
43,14.3204345703125,2.3,PhAtaPhos,CN(C)C1=CC=C(C=C1)P(C2=CC=CC=C2)C3=CC=CC=C3,5.0,0.0,[C][N][Branch1_1][C][C][C][=C][C][=C][Branch1_1][Branch1_1][C][=C][Ring1][Branch1_2][P][Branch1_1][Branch2_2][C][=C][C][=C][C][=C][Ring1][Branch1_2][C][=C][C][=C][C][=C][Ring1][Branch1_2],2.173586627762312,{[$]N[$]C1=CC=C(C=C1)P(C2=CC=CC=C2)C3=CC=CC=C3}
44,14.3204345703125,2.7,"PtBu2(E-but-2-enyl), m-CroPhos",CC=CCP(C(C)(C)C)C(C)(C)C,4.4,5.405959709656598,[C][C][=C][C][P][Branch1_1][Branch2_2][C][Branch1_1][C][C][Branch1_1][C][C][C][C][Branch1_1][C][C][Branch1_1][C][C][C],4.017882709464438,{[$]C=CCP(C[$][$]C)C[$][$]C}
45,14.3204345703125,4.4,P(nOct)3,CCCCCCCCP(CCCCCCCC)CCCCCCCC,5.0,5.605658997004494,[C][C][C][C][C][C][C][C][P][Branch1_1][Branch2_2][C][C][C][C][C][C][C][C][C][C][C][C][C][C][C][C],29.599109916439502,{[$]CCCCCCCP(CCCCCCCC)CCCCCCCC}
46,14.3204345703125,3.8,Et-PhenCarPhos,CCP(CC)C1=CC=CC=C1N2C3=CC=CC=C3C4=CC=CC=C42,15.0,0.3142248417050838,[C][C][P][Branch1_1][Ring1][C][C][C][=C][C][=C][C][=C][Ring1][Branch1_2][N][C][=C][C][=C][C][=C][Ring1][Branch1_2][C][=C][C][=C][C][=C][Ring1][Branch1_2][Ring1][=N],24.95747869371501,{[$]CP(CC)C1=CC=CC=C1N2C3=CC=CC=C3C4=CC=CC=C42}
47,14.3204345703125,2.6,"1-Cy2P-2,4,6-MeO-Ph2",COC1=CC(=C(C(=C1)OC)C2=CC=CC=C2P(C3CCCCC3)C4CCCCC4)OC,5.4,0.3527513075014523,[C][O][C][=C][C][Branch2_2][Ring2][Branch1_3][=C][Branch1_1][Branch2_2][C][Branch1_2][Ring2][=C][Ring1][Branch1_2][O][C][C][=C][C][=C][C][=C][Ring1][Branch1_2][P][Branch1_1][Branch2_2][C][C][C][C][C][C][Ring1][Branch1_2][C][C][C][C][C][C][Ring1][Branch1_2][O][C],72.98034325971037,{[$]OC1=CC(=C(C(=C1)OC)C2=CC=CC=C2P(C3CCCCC3)C4CCCCC4)OC}
48,14.3204345703125,3.2,JohnPhos,CC(C)(C)P(C1=CC=CC=C1C2=CC=CC=C2)C(C)(C)C,3.4000000000000004,1.2278371096943064,[C][C][Branch1_1][C][C][Branch1_1][C][C][P][Branch1_1][P][C][=C][C][=C][C][=C][Ring1][Branch1_2][C][=C][C][=C][C][=C][Ring1][Branch1_2][C][Branch1_1][C][C][Branch1_1][C][C][C],0.0,{[$]C[$][$]P(C1=CC=CC=C1C2=CC=CC=C2)C[$][$]C}
49,37.96045684814453,1.1,PhSPhos,COC1=C(C(=CC=C1)OC)C2=CC=CC=C2P(C3=CC=CC=C3)C4=CC=CC=C4,3.0,53.97654670378602,[C][O][C][=C][Branch1_1][O][C][Branch1_2][Branch1_2][=C][C][=C][Ring1][Branch1_2][O][C][C][=C][C][=C][C][=C][Ring1][Branch1_2][P][Branch1_1][Branch2_2][C][=C][C][=C][C][=C][Ring1][Branch1_2][C][=C][C][=C][C][=C][Ring1][Branch1_2],72.49684166223904,{[$]OC1=C(C(=CC=C1)OC)C2=CC=CC=C2P(C3=CC=CC=C3)C4=CC=CC=C4}
50,37.96045684814453,1.1,PoTol3,CC1=CC=CC=C1P(C2=CC=CC=C2C)C3=CC=CC=C3C,3.2,19.644505289405725,[C][C][=C][C][=C][C][=C][Ring1][Branch1_2][P][Branch1_1][Branch2_3][C][=C][C][=C][C][=C][Ring1][Branch1_2][C][C][=C][C][=C][C][=C][Ring1][Branch1_2][C],63.61623498721166,{[$]C1=CC=CC=C1P(C2=CC=CC=C2C)C3=CC=CC=C3C}
51,37.96045684814453,1.1,PPh2(2-OMe-Ph),COC1=CC=CC=C1P(C2=CC=CC=C2)C3=CC=CC=C3,3.0,7.350579459285315,[C][O][C][=C][C][=C][C][=C][Ring1][Branch1_2][P][Branch1_1][Branch2_2][C][=C][C][=C][C][=C][Ring1][Branch1_2][C][=C][C][=C][C][=C][Ring1][Branch1_2],0.0,{[$]OC1=CC=CC=C1P(C2=CC=CC=C2)C3=CC=CC=C3}
52,37.96045684814453,1.1,PhAtaPhos,CN(C)C1=CC=C(C=C1)P(C2=CC=CC=C2)C3=CC=CC=C3,3.2,0.8950919101602525,[C][N][Branch1_1][C][C][C][=C][C][=C][Branch1_1][Branch1_1][C][=C][Ring1][Branch1_2][P][Branch1_1][Branch2_2][C][=C][C][=C][C][=C][Ring1][Branch1_2][C][=C][C][=C][C][=C][Ring1][Branch1_2],34.379721467506855,{[$]N[$]C1=CC=C(C=C1)P(C2=CC=CC=C2)C3=CC=CC=C3}
53,37.96045684814453,1.0,PhSPhos,COC1=C(C(=CC=C1)OC)C2=CC=CC=C2P(C3=CC=CC=C3)C4=CC=CC=C4,2.6,50.63673492179032,[C][O][C][=C][Branch1_1][O][C][Branch1_2][Branch1_2][=C][C][=C][Ring1][Branch1_2][O][C][C][=C][C][=C][C][=C][Ring1][Branch1_2][P][Branch1_1][Branch2_2][C][=C][C][=C][C][=C][Ring1][Branch1_2][C][=C][C][=C][C][=C][Ring1][Branch1_2],28.38641262830008,{[$]OC1=C(C(=CC=C1)OC)C2=CC=CC=C2P(C3=CC=CC=C3)C4=CC=CC=C4}
54,37.96045684814453,1.1,AtaPhos,CC(C)(C)P(C1=CC=C(C=C1)N(C)C)C(C)(C)C,3.2,4.86092218018953,[C][C][Branch1_1][C][C][Branch1_1][C][C][P][Branch1_1][S][C][=C][C][=C][Branch1_1][Branch1_1][C][=C][Ring1][Branch1_2][N][Branch1_1][C][C][C][C][Branch1_1][C][C][Branch1_1][C][C][C],66.81900793116813,{[$]C[$][$]P(C1=CC=C(C=C1)N[$]C)C[$][$]C}
55,37.96045684814453,2.2,PnPr3,CCCP(CCC)CCC,1.2000000000000002,10.114304724874028,[C][C][C][P][Branch1_1][Ring2][C][C][C][C][C][C],53.97654670378602,{[$]CCP(CCC)CCC}
56,37.96045684814453,1.1,P(mesityl)3,CC1=CC(=C(C(=C1)C)P(C2=C(C=C(C=C2C)C)C)C3=C(C=C(C=C3C)C)C)C,3.0,2.3017958463141754,[C][C][=C][C][Branch2_2][Ring2][N][=C][Branch1_1][Branch2_1][C][Branch1_2][Ring2][=C][Ring1][Branch1_2][C][P][Branch1_1][S][C][=C][Branch1_1][O][C][=C][Branch1_1][Branch1_2][C][=C][Ring1][Branch1_2][C][C][C][C][=C][Branch1_1][O][C][=C][Branch1_1][Branch1_2][C][=C][Ring1][Branch1_2][C][C][C][C],57.630224879455774,{[$]C1=CC(=C(C(=C1)C)P(C2=C(C=C(C=C2C)C)C)C3=C(C=C(C=C3C)C)C)C}
57,22.518356323242188,1.1,P(mesityl)3,CC1=CC(=C(C(=C1)C)P(C2=C(C=C(C=C2C)C)C)C3=C(C=C(C=C3C)C)C)C,3.4000000000000004,2.293419807174025,[C][C][=C][C][Branch2_2][Ring2][N][=C][Branch1_1][Branch2_1][C][Branch1_2][Ring2][=C][Ring1][Branch1_2][C][P][Branch1_1][S][C][=C][Branch1_1][O][C][=C][Branch1_1][Branch1_2][C][=C][Ring1][Branch1_2][C][C][C][C][=C][Branch1_1][O][C][=C][Branch1_1][Branch1_2][C][=C][Ring1][Branch1_2][C][C][C][C],39.34838707717348,{[$]C1=CC(=C(C(=C1)C)P(C2=C(C=C(C=C2C)C)C)C3=C(C=C(C=C3C)C)C)C}
58,22.518356323242188,1.1,PhSPhos,COC1=C(C(=CC=C1)OC)C2=CC=CC=C2P(C3=CC=CC=C3)C4=CC=CC=C4,1.0,36.91050232786484,[C][O][C][=C][Branch1_1][O][C][Branch1_2][Branch1_2][=C][C][=C][Ring1][Branch1_2][O][C][C][=C][C][=C][C][=C][Ring1][Branch1_2][P][Branch1_1][Branch2_2][C][=C][C][=C][C][=C][Ring1][Branch1_2][C][=C][C][=C][C][=C][Ring1][Branch1_2],40.858214994979015,{[$]OC1=C(C(=CC=C1)OC)C2=CC=CC=C2P(C3=CC=CC=C3)C4=CC=CC=C4}
59,22.518356323242188,4.6,"1-Cy2P-2,4,6-MeO-Ph2",COC1=CC(=C(C(=C1)OC)C2=CC=CC=C2P(C3CCCCC3)C4CCCCC4)OC,3.8,2.3113102099075307,[C][O][C][=C][C][Branch2_2][Ring2][Branch1_3][=C][Branch1_1][Branch2_2][C][Branch1_2][Ring2][=C][Ring1][Branch1_2][O][C][C][=C][C][=C][C][=C][Ring1][Branch1_2][P][Branch1_1][Branch2_2][C][C][C][C][C][C][Ring1][Branch1_2][C][C][C][C][C][C][Ring1][Branch1_2][O][C],30.34207093994632,{[$]OC1=CC(=C(C(=C1)OC)C2=CC=CC=C2P(C3CCCCC3)C4CCCCC4)OC}
60,22.518356323242188,1.0,PCy2Ph,C1CCC(CC1)P(C2CCCCC2)C3=CC=CC=C3,2.8000000000000003,0.0,[C][C][C][C][Branch1_1][Branch1_1][C][C][Ring1][Branch1_2][P][Branch1_1][Branch2_2][C][C][C][C][C][C][Ring1][Branch1_2][C][=C][C][=C][C][=C][Ring1][Branch1_2],67.44843551178369,{[$]1CCC(CC1)P(C2CCCCC2)C3=CC=CC=C3}
61,22.518356323242188,1.2,RockPhos,CC1=C(C(=C(C=C1)OC)P(C(C)(C)C)C(C)(C)C)C2=C(C=C(C=C2C(C)C)C(C)C)C(C)C,3.8,1.9147210365253389,[C][C][=C][Branch2_1][Ring1][S][C][Branch1_2][Branch2_3][=C][Branch1_1][Branch1_1][C][=C][Ring1][Branch1_2][O][C][P][Branch1_1][Branch2_2][C][Branch1_1][C][C][Branch1_1][C][C][C][C][Branch1_1][C][C][Branch1_1][C][C][C][C][=C][Branch2_1][Ring1][Ring1][C][=C][Branch1_1][Branch2_3][C][=C][Ring1][Branch1_2][C][Branch1_1][C][C][C][C][Branch1_1][C][C][C][C][Branch1_1][C][C][C],0.0,{[$]C1=C(C(=C(C=C1)OC)P(C[$][$]C)C[$][$]C)C2=C(C=C(C=C2C[$]C)C[$]C)C[$]C}
62,22.518356323242188,4.1,PhSPhos,COC1=C(C(=CC=C1)OC)C2=CC=CC=C2P(C3=CC=CC=C3)C4=CC=CC=C4,2.4000000000000004,55.884436791269096,[C][O][C][=C][Branch1_1][O][C][Branch1_2][Branch1_2][=C][C][=C][Ring1][Branch1_2][O][C][C][=C][C][=C][C][=C][Ring1][Branch1_2][P][Branch1_1][Branch2_2][C][=C][C][=C][C][=C][Ring1][Branch1_2][C][=C][C][=C][C][=C][Ring1][Branch1_2],2.732191839361233,{[$]OC1=C(C(=CC=C1)OC)C2=CC=CC=C2P(C3=CC=CC=C3)C4=CC=CC=C4}
63,22.518356323242188,1.1,Ph2P(CH2)3Si(OEt)3,CCO[Si](CCCP(C1=CC=CC=C1)C2=CC=CC=C2)(OCC)OCC,3.4000000000000004,0.2520247501578585,[C][C][O][Siexpl][Branch2_1][Ring1][Branch1_3][C][C][C][P][Branch1_1][Branch2_2][C][=C][C][=C][C][=C][Ring1][Branch1_2][C][=C][C][=C][C][=C][Ring1][Branch1_2][Branch1_1][Ring2][O][C][C][O][C][C],21.063710559913805,{[$]CO[Si](CCCP(C1=CC=CC=C1)C2=CC=CC=C2)(OCC)OCC}
64,22.518356323242188,1.0,PhSPhos,COC1=C(C(=CC=C1)OC)C2=CC=CC=C2P(C3=CC=CC=C3)C4=CC=CC=C4,2.8000000000000003,33.728028240416386,[C][O][C][=C][Branch1_1][O][C][Branch1_2][Branch1_2][=C][C][=C][Ring1][Branch1_2][O][C][C][=C][C][=C][C][=C][Ring1][Branch1_2][P][Branch1_1][Branch2_2][C][=C][C][=C][C][=C][Ring1][Branch1_2][C][=C][C][=C][C][=C][Ring1][Branch1_2],10.114304724874028,{[$]OC1=C(C(=CC=C1)OC)C2=CC=CC=C2P(C3=CC=CC=C3)C4=CC=CC=C4}
65,25.98479461669922,4.7,PhSPhos,COC1=C(C(=CC=C1)OC)C2=CC=CC=C2P(C3=CC=CC=C3)C4=CC=CC=C4,4.0,64.88267001779951,[C][O][C][=C][Branch1_1][O][C][Branch1_2][Branch1_2][=C][C][=C][Ring1][Branch1_2][O][C][C][=C][C][=C][C][=C][Ring1][Branch1_2][P][Branch1_1][Branch2_2][C][=C][C][=C][C][=C][Ring1][Branch1_2][C][=C][C][=C][C][=C][Ring1][Branch1_2],17.958289573244627,{[$]OC1=C(C(=CC=C1)OC)C2=CC=CC=C2P(C3=CC=CC=C3)C4=CC=CC=C4}
66,25.98479461669922,4.6,(R)SITCP,C1CC23CCC4=C2C(=CC=C4)CP(CC5=CC=CC1=C35)C6=CC=CC=C6,11.2,0.0,[C][C][C][C][C][C][=C][Ring1][Branch1_1][C][Branch1_2][Branch1_2][=C][C][=C][Ring1][Branch1_2][C][P][Branch1_1][S][C][C][=C][C][=C][C][Ring2][Ring1][Ring1][=C][Ring2][Ring1][C][Ring1][Branch1_2][C][=C][C][=C][C][=C][Ring1][Branch1_2],3.665854512654078,{[$]1CC23CCC4=C2C(=CC=C4)CP(CC5=CC=CC1=C35)C6=CC=CC=C6}
67,25.98479461669922,4.2,AtaPhos,CC(C)(C)P(C1=CC=C(C=C1)N(C)C)C(C)(C)C,13.2,0.4725629794181601,[C][C][Branch1_1][C][C][Branch1_1][C][C][P][Branch1_1][S][C][=C][C][=C][Branch1_1][Branch1_1][C][=C][Ring1][Branch1_2][N][Branch1_1][C][C][C][C][Branch1_1][C][C][Branch1_1][C][C][C],38.193826913906015,{[$]C[$][$]P(C1=CC=C(C=C1)N[$]C)C[$][$]C}
68,25.98479461669922,2.8,"1-Cy2P-2,4,6-MeO-Ph2",COC1=CC(=C(C(=C1)OC)C2=CC=CC=C2P(C3CCCCC3)C4CCCCC4)OC,11.0,1.1556486089233262,[C][O][C][=C][C][Branch2_2][Ring2][Branch1_3][=C][Branch1_1][Branch2_2][C][Branch1_2][Ring2][=C][Ring1][Branch1_2][O][C][C][=C][C][=C][C][=C][Ring1][Branch1_2][P][Branch1_1][Branch2_2][C][C][C][C][C][C][Ring1][Branch1_2][C][C][C][C][C][C][Ring1][Branch1_2][O][C],10.321904832275337,{[$]OC1=CC(=C(C(=C1)OC)C2=CC=CC=C2P(C3CCCCC3)C4CCCCC4)OC}
69,25.98479461669922,4.1,PEt3,CCP(CC)CC,13.0,0.0,[C][C][P][Branch1_1][Ring1][C][C][C][C],28.4446668744987,{[$]CP(CC)CC}
70,25.98479461669922,3.1,Et-PhenCarPhos,CCP(CC)C1=CC=CC=C1N2C3=CC=CC=C3C4=CC=CC=C42,12.4,1.5898772595860553,[C][C][P][Branch1_1][Ring1][C][C][C][=C][C][=C][C][=C][Ring1][Branch1_2][N][C][=C][C][=C][C][=C][Ring1][Branch1_2][C][=C][C][=C][C][=C][Ring1][Branch1_2][Ring1][=N],2.446814822302925,{[$]CP(CC)C1=CC=CC=C1N2C3=CC=CC=C3C4=CC=CC=C42}
71,25.98479461669922,4.2,PallylPh2,C=CCP(C1=CC=CC=C1)C2=CC=CC=C2,13.6,1.4147808214903317,[C][=C][C][P][Branch1_1][Branch2_2][C][=C][C][=C][C][=C][Ring1][Branch1_2][C][=C][C][=C][C][=C][Ring1][Branch1_2],59.09334675295926,{[$]=CCP(C1=CC=CC=C1)C2=CC=CC=C2}
72,25.98479461669922,3.7,PhSPhos,COC1=C(C(=CC=C1)OC)C2=CC=CC=C2P(C3=CC=CC=C3)C4=CC=CC=C4,2.8000000000000003,62.403894966878354,[C][O][C][=C][Branch1_1][O][C][Branch1_2][Branch1_2][=C][C][=C][Ring1][Branch1_2][O][C][C][=C][C][=C][C][=C][Ring1][Branch1_2][P][Branch1_1][Branch2_2][C][=C][C][=C][C][=C][Ring1][Branch1_2][C][=C][C][=C][C][=C][Ring1][Branch1_2],33.17023777653186,{[$]OC1=C(C(=CC=C1)OC)C2=CC=CC=C2P(C3=CC=CC=C3)C4=CC=CC=C4}
73,27.452526092529297,4.7,PhSPhos,COC1=C(C(=CC=C1)OC)C2=CC=CC=C2P(C3=CC=CC=C3)C4=CC=CC=C4,3.8,63.39081779812003,[C][O][C][=C][Branch1_1][O][C][Branch1_2][Branch1_2][=C][C][=C][Ring1][Branch1_2][O][C][C][=C][C][=C][C][=C][Ring1][Branch1_2][P][Branch1_1][Branch2_2][C][=C][C][=C][C][=C][Ring1][Branch1_2][C][=C][C][=C][C][=C][Ring1][Branch1_2],0.0,{[$]OC1=C(C(=CC=C1)OC)C2=CC=CC=C2P(C3=CC=CC=C3)C4=CC=CC=C4}
74,27.452526092529297,3.3,PPh2(2-OMe-Ph),COC1=CC=CC=C1P(C2=CC=CC=C2)C3=CC=CC=C3,3.2,39.34838707717348,[C][O][C][=C][C][=C][C][=C][Ring1][Branch1_2][P][Branch1_1][Branch2_2][C][=C][C][=C][C][=C][Ring1][Branch1_2][C][=C][C][=C][C][=C][Ring1][Branch1_2],17.61860407471316,{[$]OC1=CC=CC=C1P(C2=CC=CC=C2)C3=CC=CC=C3}
75,27.452526092529297,3.4,RockPhos,CC1=C(C(=C(C=C1)OC)P(C(C)(C)C)C(C)(C)C)C2=C(C=C(C=C2C(C)C)C(C)C)C(C)C,1.8,2.907443100034096,[C][C][=C][Branch2_1][Ring1][S][C][Branch1_2][Branch2_3][=C][Branch1_1][Branch1_1][C][=C][Ring1][Branch1_2][O][C][P][Branch1_1][Branch2_2][C][Branch1_1][C][C][Branch1_1][C][C][C][C][Branch1_1][C][C][Branch1_1][C][C][C][C][=C][Branch2_1][Ring1][Ring1][C][=C][Branch1_1][Branch2_3][C][=C][Ring1][Branch1_2][C][Branch1_1][C][C][C][C][Branch1_1][C][C][C][C][Branch1_1][C][C][C],10.847310887284712,{[$]C1=C(C(=C(C=C1)OC)P(C[$][$]C)C[$][$]C)C2=C(C=C(C=C2C[$]C)C[$]C)C[$]C}
76,27.452526092529297,3.4,(R)SITCP,C1CC23CCC4=C2C(=CC=C4)CP(CC5=CC=CC1=C35)C6=CC=CC=C6,2.2,16.487575830942163,[C][C][C][C][C][C][=C][Ring1][Branch1_1][C][Branch1_2][Branch1_2][=C][C][=C][Ring1][Branch1_2][C][P][Branch1_1][S][C][C][=C][C][=C][C][Ring2][Ring1][Ring1][=C][Ring2][Ring1][C][Ring1][Branch1_2][C][=C][C][=C][C][=C][Ring1][Branch1_2],0.0,{[$]1CC23CCC4=C2C(=CC=C4)CP(CC5=CC=CC1=C35)C6=CC=CC=C6}
77,27.452526092529297,3.2,Et-PhenCarPhos,CCP(CC)C1=CC=CC=C1N2C3=CC=CC=C3C4=CC=CC=C42,2.6,27.554509386176868,[C][C][P][Branch1_1][Ring1][C][C][C][=C][C][=C][C][=C][Ring1][Branch1_2][N][C][=C][C][=C][C][=C][Ring1][Branch1_2][C][=C][C][=C][C][=C][Ring1][Branch1_2][Ring1][=N],0.4453659247971954,{[$]CP(CC)C1=CC=CC=C1N2C3=CC=CC=C3C4=CC=CC=C42}
78,27.452526092529297,3.4,AtaPhos,CC(C)(C)P(C1=CC=C(C=C1)N(C)C)C(C)(C)C,2.6,9.245818796052022,[C][C][Branch1_1][C][C][Branch1_1][C][C][P][Branch1_1][S][C][=C][C][=C][Branch1_1][Branch1_1][C][=C][Ring1][Branch1_2][N][Branch1_1][C][C][C][C][Branch1_1][C][C][Branch1_1][C][C][C],22.52546883316286,{[$]C[$][$]P(C1=CC=C(C=C1)N[$]C)C[$][$]C}
79,27.452526092529297,5.0,"PPh (4-(2,2-(CF3)2-F7pent)-Ph)2",C1=CC=C(C=C1)P(C2=CC=C(C=C2)CC(C(C(C(F)(F)F)(F)F)(F)F)(C(F)(F)F)C(F)(F)F)C3=CC=C(C=C3)CC(C(C(C(F)(F)F)(F)F)(F)F)(C(F)(F)F)C(F)(F)F,5.4,40.858214994979015,[C][=C][C][=C][Branch1_1][Branch1_1][C][=C][Ring1][Branch1_2][P][Branch2_1][Branch1_1][Branch2_1][C][=C][C][=C][Branch1_1][Branch1_1][C][=C][Ring1][Branch1_2][C][C][Branch2_1][Ring1][Branch1_3][C][Branch1_1][S][C][Branch1_1][Branch2_2][C][Branch1_1][C][F][Branch1_1][C][F][F][Branch1_1][C][F][F][Branch1_1][C][F][F][Branch1_1][Branch2_2][C][Branch1_1][C][F][Branch1_1][C][F][F][C][Branch1_1][C][F][Branch1_1][C][F][F][C][=C][C][=C][Branch1_1][Branch1_1][C][=C][Ring1][Branch1_2][C][C][Branch2_1][Ring1][Branch1_3][C][Branch1_1][S][C][Branch1_1][Branch2_2][C][Branch1_1][C][F][Branch1_1][C][F][F][Branch1_1][C][F][F][Branch1_1][C][F][F][Branch1_1][Branch2_2][C][Branch1_1][C][F][Branch1_1][C][F][F][C][Branch1_1][C][F][Branch1_1][C][F][F],10.270278937009424,{[$]1=CC=C(C=C1)P(C2=CC=C(C=C2)CC(C(C(C(F)(F)F)(F)F)(F)F)(C(F)(F)F)C(F)(F)F)C3=CC=C(C=C3)CC(C(C(C(F)(F)F)(F)F)(F)F)(C(F)(F)F)C(F)(F)F}
80,27.452526092529297,5.0,P(C6F5)2Ph,C1=CC=C(C=C1)P(C2=C(C(=C(C(=C2F)F)F)F)F)C3=C(C(=C(C(=C3F)F)F)F)F,5.2,3.631322651286304,[C][=C][C][=C][Branch1_1][Branch1_1][C][=C][Ring1][Branch1_2][P][Branch2_1][Ring1][Branch1_2][C][=C][Branch1_1][P][C][Branch1_2][=N][=C][Branch1_1][Branch2_2][C][Branch1_2][Branch1_1][=C][Ring1][Branch1_2][F][F][F][F][F][C][=C][Branch1_1][P][C][Branch1_2][=N][=C][Branch1_1][Branch2_2][C][Branch1_2][Branch1_1][=C][Ring1][Branch1_2][F][F][F][F][F],0.3142248417050838,{[$]1=CC=C(C=C1)P(C2=C(C(=C(C(=C2F)F)F)F)F)C3=C(C(=C(C(=C3F)F)F)F)F}
81,27.395000457763672,4.2,PhSPhos,COC1=C(C(=CC=C1)OC)C2=CC=CC=C2P(C3=CC=CC=C3)C4=CC=CC=C4,5.800000000000001,71.78526628934588,[C][O][C][=C][Branch1_1][O][C][Branch1_2][Branch1_2][=C][C][=C][Ring1][Branch1_2][O][C][C][=C][C][=C][C][=C][Ring1][Branch1_2][P][Branch1_1][Branch2_2][C][=C][C][=C][C][=C][Ring1][Branch1_2][C][=C][C][=C][C][=C][Ring1][Branch1_2],14.2598278133745,{[$]OC1=C(C(=CC=C1)OC)C2=CC=CC=C2P(C3=CC=CC=C3)C4=CC=CC=C4}
82,27.395000457763672,1.4,PCy2Ph,C1CCC(CC1)P(C2CCCCC2)C3=CC=CC=C3,0.8,9.76248373480832,[C][C][C][C][Branch1_1][Branch1_1][C][C][Ring1][Branch1_2][P][Branch1_1][Branch2_2][C][C][C][C][C][C][Ring1][Branch1_2][C][=C][C][=C][C][=C][Ring1][Branch1_2],33.83293730391921,{[$]1CCC(CC1)P(C2CCCCC2)C3=CC=CC=C3}
83,27.395000457763672,3.6,PhSPhos,COC1=C(C(=CC=C1)OC)C2=CC=CC=C2P(C3=CC=CC=C3)C4=CC=CC=C4,3.4000000000000004,64.14417647589116,[C][O][C][=C][Branch1_1][O][C][Branch1_2][Branch1_2][=C][C][=C][Ring1][Branch1_2][O][C][C][=C][C][=C][C][=C][Ring1][Branch1_2][P][Branch1_1][Branch2_2][C][=C][C][=C][C][=C][Ring1][Branch1_2][C][=C][C][=C][C][=C][Ring1][Branch1_2],0.0,{[$]OC1=C(C(=CC=C1)OC)C2=CC=CC=C2P(C3=CC=CC=C3)C4=CC=CC=C4}
84,27.395000457763672,3.3,Ph2P(CH2)3Si(OEt)3,CCO[Si](CCCP(C1=CC=CC=C1)C2=CC=CC=C2)(OCC)OCC,6.4,22.8387395616798,[C][C][O][Siexpl][Branch2_1][Ring1][Branch1_3][C][C][C][P][Branch1_1][Branch2_2][C][=C][C][=C][C][=C][Ring1][Branch1_2][C][=C][C][=C][C][=C][Ring1][Branch1_2][Branch1_1][Ring2][O][C][C][O][C][C],0.1416852984300524,{[$]CO[Si](CCCP(C1=CC=CC=C1)C2=CC=CC=C2)(OCC)OCC}
85,27.395000457763672,1.7,JohnPhos,CC(C)(C)P(C1=CC=CC=C1C2=CC=CC=C2)C(C)(C)C,1.0,2.3144416221504907,[C][C][Branch1_1][C][C][Branch1_1][C][C][P][Branch1_1][P][C][=C][C][=C][C][=C][Ring1][Branch1_2][C][=C][C][=C][C][=C][Ring1][Branch1_2][C][Branch1_1][C][C][Branch1_1][C][C][C],45.09278149905555,{[$]C[$][$]P(C1=CC=CC=C1C2=CC=CC=C2)C[$][$]C}
86,27.395000457763672,1.7,P(nOct)3,CCCCCCCCP(CCCCCCCC)CCCCCCCC,1.0,4.595102041462597,[C][C][C][C][C][C][C][C][P][Branch1_1][Branch2_2][C][C][C][C][C][C][C][C][C][C][C][C][C][C][C][C],5.385609854064389,{[$]CCCCCCCP(CCCCCCCC)CCCCCCCC}
87,27.395000457763672,4.8,PallylPh2,C=CCP(C1=CC=CC=C1)C2=CC=CC=C2,3.6,27.03715103486539,[C][=C][C][P][Branch1_1][Branch2_2][C][=C][C][=C][C][=C][Ring1][Branch1_2][C][=C][C][=C][C][=C][Ring1][Branch1_2],0.0,{[$]=CCP(C1=CC=CC=C1)C2=CC=CC=C2}
88,27.395000457763672,3.6,Sphos,COC1=C(C(=CC=C1)OC)C2=CC=CC=C2P(C3CCCCC3)C4CCCCC4,8.6,19.846607978727263,[C][O][C][=C][Branch1_1][O][C][Branch1_2][Branch1_2][=C][C][=C][Ring1][Branch1_2][O][C][C][=C][C][=C][C][=C][Ring1][Branch1_2][P][Branch1_1][Branch2_2][C][C][C][C][C][C][Ring1][Branch1_2][C][C][C][C][C][C][Ring1][Branch1_2],23.931874865136542,{[$]OC1=C(C(=CC=C1)OC)C2=CC=CC=C2P(C3CCCCC3)C4CCCCC4}
89,10.112961769104004,4.6,PhAtaPhos,CN(C)C1=CC=C(C=C1)P(C2=CC=CC=C2)C3=CC=CC=C3,4.0,22.35365016147829,[C][N][Branch1_1][C][C][C][=C][C][=C][Branch1_1][Branch1_1][C][=C][Ring1][Branch1_2][P][Branch1_1][Branch2_2][C][=C][C][=C][C][=C][Ring1][Branch1_2][C][=C][C][=C][C][=C][Ring1][Branch1_2],28.08082476441904,{[$]N[$]C1=CC=C(C=C1)P(C2=CC=CC=C2)C3=CC=CC=C3}
90,10.112961769104004,1.0,PhSPhos,COC1=C(C(=CC=C1)OC)C2=CC=CC=C2P(C3=CC=CC=C3)C4=CC=CC=C4,2.2,14.2598278133745,[C][O][C][=C][Branch1_1][O][C][Branch1_2][Branch1_2][=C][C][=C][Ring1][Branch1_2][O][C][C][=C][C][=C][C][=C][Ring1][Branch1_2][P][Branch1_1][Branch2_2][C][=C][C][=C][C][=C][Ring1][Branch1_2][C][=C][C][=C][C][=C][Ring1][Branch1_2],0.0,{[$]OC1=C(C(=CC=C1)OC)C2=CC=CC=C2P(C3=CC=CC=C3)C4=CC=CC=C4}
91,10.112961769104004,3.1,"P(3,5-Me2-4-OMe-Ph)3",CC1=CC(=CC(=C1OC)C)P(C2=CC(=C(C(=C2)C)OC)C)C3=CC(=C(C(=C3)C)OC)C,9.2,0.0,[C][C][=C][C][Branch1_2][O][=C][C][Branch1_2][Branch1_2][=C][Ring1][Branch1_2][O][C][C][P][Branch2_1][Ring1][Ring1][C][=C][C][Branch1_2][=N][=C][Branch1_1][Branch2_1][C][Branch1_2][Ring2][=C][Ring1][Branch1_2][C][O][C][C][C][=C][C][Branch1_2][=N][=C][Branch1_1][Branch2_1][C][Branch1_2][Ring2][=C][Ring1][Branch1_2][C][O][C][C],16.487575830942163,{[$]C1=CC(=CC(=C1OC)C)P(C2=CC(=C(C(=C2)C)OC)C)C3=CC(=C(C(=C3)C)OC)C}
92,10.112961769104004,3.1,Sphos,COC1=C(C(=CC=C1)OC)C2=CC=CC=C2P(C3CCCCC3)C4CCCCC4,9.8,1.5267530531786904,[C][O][C][=C][Branch1_1][O][C][Branch1_2][Branch1_2][=C][C][=C][Ring1][Branch1_2][O][C][C][=C][C][=C][C][=C][Ring1][Branch1_2][P][Branch1_1][Branch2_2][C][C][C][C][C][C][Ring1][Branch1_2][C][C][C][C][C][C][Ring1][Branch1_2],58.3362182169964,{[$]OC1=C(C(=CC=C1)OC)C2=CC=CC=C2P(C3CCCCC3)C4CCCCC4}
93,10.112961769104004,1.1,Sphos,COC1=C(C(=CC=C1)OC)C2=CC=CC=C2P(C3CCCCC3)C4CCCCC4,3.0,0.6050107022074324,[C][O][C][=C][Branch1_1][O][C][Branch1_2][Branch1_2][=C][C][=C][Ring1][Branch1_2][O][C][C][=C][C][=C][C][=C][Ring1][Branch1_2][P][Branch1_1][Branch2_2][C][C][C][C][C][C][Ring1][Branch1_2][C][C][C][C][C][C][Ring1][Branch1_2],1.5267530531786904,{[$]OC1=C(C(=CC=C1)OC)C2=CC=CC=C2P(C3CCCCC3)C4CCCCC4}
94,10.112961769104004,1.0,PEt3,CCP(CC)CC,1.8,5.385609854064389,[C][C][P][Branch1_1][Ring1][C][C][C][C],71.3397033203134,{[$]CP(CC)CC}
95,10.112961769104004,1.0,"PPh2(2,6-Me2-Ph)",CC1=C(C(=CC=C1)C)P(C2=CC=CC=C2)C3=CC=CC=C3,1.8,3.665854512654078,[C][C][=C][Branch1_1][Branch2_3][C][Branch1_2][Branch1_2][=C][C][=C][Ring1][Branch1_2][C][P][Branch1_1][Branch2_2][C][=C][C][=C][C][=C][Ring1][Branch1_2][C][=C][C][=C][C][=C][Ring1][Branch1_2],27.9692387473923,{[$]C1=C(C(=CC=C1)C)P(C2=CC=CC=C2)C3=CC=CC=C3}
96,10.112961769104004,3.6,PhSPhos,COC1=C(C(=CC=C1)OC)C2=CC=CC=C2P(C3=CC=CC=C3)C4=CC=CC=C4,11.0,21.063710559913805,[C][O][C][=C][Branch1_1][O][C][Branch1_2][Branch1_2][=C][C][=C][Ring1][Branch1_2][O][C][C][=C][C][=C][C][=C][Ring1][Branch1_2][P][Branch1_1][Branch2_2][C][=C][C][=C][C][=C][Ring1][Branch1_2][C][=C][C][=C][C][=C][Ring1][Branch1_2],1.4147808214903317,{[$]OC1=C(C(=CC=C1)OC)C2=CC=CC=C2P(C3=CC=CC=C3)C4=CC=CC=C4}
97,20.0,2.5,PoTol3,CC1=CC=CC=C1P(C2=CC=CC=C2C)C3=CC=CC=C3C,3.8,27.81585114061276,[C][C][=C][C][=C][C][=C][Ring1][Branch1_2][P][Branch1_1][Branch2_3][C][=C][C][=C][C][=C][Ring1][Branch1_2][C][C][=C][C][=C][C][=C][Ring1][Branch1_2][C],4.595102041462597,{[$]C1=CC=CC=C1P(C2=CC=CC=C2C)C3=CC=CC=C3C}
98,20.0,2.5,PoTol3,CC1=CC=CC=C1P(C2=CC=CC=C2C)C3=CC=CC=C3C,3.8,30.543753651134416,[C][C][=C][C][=C][C][=C][Ring1][Branch1_2][P][Branch1_1][Branch2_3][C][=C][C][=C][C][=C][Ring1][Branch1_2][C][C][=C][C][=C][C][=C][Ring1][Branch1_2][C],17.768494268274686,{[$]C1=CC=CC=C1P(C2=CC=CC=C2C)C3=CC=CC=C3C}
99,20.0,2.5,PoTol3,CC1=CC=CC=C1P(C2=CC=CC=C2C)C3=CC=CC=C3C,3.8,30.34207093994632,[C][C][=C][C][=C][C][=C][Ring1][Branch1_2][P][Branch1_1][Branch2_3][C][=C][C][=C][C][=C][Ring1][Branch1_2][C][C][=C][C][=C][C][=C][Ring1][Branch1_2][C],29.977209237475822,{[$]C1=CC=CC=C1P(C2=CC=CC=C2C)C3=CC=CC=C3C}
100,20.0,2.5,PoTol3,CC1=CC=CC=C1P(C2=CC=CC=C2C)C3=CC=CC=C3C,3.8,28.08082476441904,[C][C][=C][C][=C][C][=C][Ring1][Branch1_2][P][Branch1_1][Branch2_3][C][=C][C][=C][C][=C][Ring1][Branch1_2][C][C][=C][C][=C][C][=C][Ring1][Branch1_2][C],27.655856047865484,{[$]C1=CC=CC=C1P(C2=CC=CC=C2C)C3=CC=CC=C3C}
101,20.0,2.5,PoTol3,CC1=CC=CC=C1P(C2=CC=CC=C2C)C3=CC=CC=C3C,3.8,25.291462101460127,[C][C][=C][C][=C][C][=C][Ring1][Branch1_2][P][Branch1_1][Branch2_3][C][=C][C][=C][C][=C][Ring1][Branch1_2][C][C][=C][C][=C][C][=C][Ring1][Branch1_2][C],33.807375235821326,{[$]C1=CC=CC=C1P(C2=CC=CC=C2C)C3=CC=CC=C3C}
102,20.0,2.5,PoTol3,CC1=CC=CC=C1P(C2=CC=CC=C2C)C3=CC=CC=C3C,3.8,27.230984386661017,[C][C][=C][C][=C][C][=C][Ring1][Branch1_2][P][Branch1_1][Branch2_3][C][=C][C][=C][C][=C][Ring1][Branch1_2][C][C][=C][C][=C][C][=C][Ring1][Branch1_2][C],0.9068965269923706,{[$]C1=CC=CC=C1P(C2=CC=CC=C2C)C3=CC=CC=C3C}
103,20.0,2.5,PoTol3,CC1=CC=CC=C1P(C2=CC=CC=C2C)C3=CC=CC=C3C,3.8,27.655856047865484,[C][C][=C][C][=C][C][=C][Ring1][Branch1_2][P][Branch1_1][Branch2_3][C][=C][C][=C][C][=C][Ring1][Branch1_2][C][C][=C][C][=C][C][=C][Ring1][Branch1_2][C],9.245818796052022,{[$]C1=CC=CC=C1P(C2=CC=CC=C2C)C3=CC=CC=C3C}
104,20.0,2.5,PoTol3,CC1=CC=CC=C1P(C2=CC=CC=C2C)C3=CC=CC=C3C,3.8,28.4446668744987,[C][C][=C][C][=C][C][=C][Ring1][Branch1_2][P][Branch1_1][Branch2_3][C][=C][C][=C][C][=C][Ring1][Branch1_2][C][C][=C][C][=C][C][=C][Ring1][Branch1_2][C],0.0,{[$]C1=CC=CC=C1P(C2=CC=CC=C2C)C3=CC=CC=C3C}
105,22.37819480895996,2.5,P(nOct)3,CCCCCCCCP(CCCCCCCC)CCCCCCCC,6.800000000000001,6.794016128843881,[C][C][C][C][C][C][C][C][P][Branch1_1][Branch2_2][C][C][C][C][C][C][C][C][C][C][C][C][C][C][C][C],2.3017958463141754,{[$]CCCCCCCP(CCCCCCCC)CCCCCCCC}
106,22.37819480895996,1.4,PallylPh2,C=CCP(C1=CC=CC=C1)C2=CC=CC=C2,2.4000000000000004,10.847310887284712,[C][=C][C][P][Branch1_1][Branch2_2][C][=C][C][=C][C][=C][Ring1][Branch1_2][C][=C][C][=C][C][=C][Ring1][Branch1_2],65.69868379009843,{[$]=CCP(C1=CC=CC=C1)C2=CC=CC=C2}
107,22.37819480895996,3.8,PhSPhos,COC1=C(C(=CC=C1)OC)C2=CC=CC=C2P(C3=CC=CC=C3)C4=CC=CC=C4,2.8000000000000003,55.41119042986797,[C][O][C][=C][Branch1_1][O][C][Branch1_2][Branch1_2][=C][C][=C][Ring1][Branch1_2][O][C][C][=C][C][=C][C][=C][Ring1][Branch1_2][P][Branch1_1][Branch2_2][C][=C][C][=C][C][=C][Ring1][Branch1_2][C][=C][C][=C][C][=C][Ring1][Branch1_2],22.35365016147829,{[$]OC1=C(C(=CC=C1)OC)C2=CC=CC=C2P(C3=CC=CC=C3)C4=CC=CC=C4}
108,22.37819480895996,4.8,PhSPhos,COC1=C(C(=CC=C1)OC)C2=CC=CC=C2P(C3=CC=CC=C3)C4=CC=CC=C4,3.4000000000000004,59.09334675295926,[C][O][C][=C][Branch1_1][O][C][Branch1_2][Branch1_2][=C][C][=C][Ring1][Branch1_2][O][C][C][=C][C][=C][C][=C][Ring1][Branch1_2][P][Branch1_1][Branch2_2][C][=C][C][=C][C][=C][Ring1][Branch1_2][C][=C][C][=C][C][=C][Ring1][Branch1_2],27.710665202410272,{[$]OC1=C(C(=CC=C1)OC)C2=CC=CC=C2P(C3=CC=CC=C3)C4=CC=CC=C4}
109,22.37819480895996,4.7,PhSPhos,COC1=C(C(=CC=C1)OC)C2=CC=CC=C2P(C3=CC=CC=C3)C4=CC=CC=C4,7.6,54.82058430101041,[C][O][C][=C][Branch1_1][O][C][Branch1_2][Branch1_2][=C][C][=C][Ring1][Branch1_2][O][C][C][=C][C][=C][C][=C][Ring1][Branch1_2][P][Branch1_1][Branch2_2][C][=C][C][=C][C][=C][Ring1][Branch1_2][C][=C][C][=C][C][=C][Ring1][Branch1_2],0.3527513075014523,{[$]OC1=C(C(=CC=C1)OC)C2=CC=CC=C2P(C3=CC=CC=C3)C4=CC=CC=C4}
110,22.37819480895996,2.0,"PPh2(2,6-Me2-Ph)",CC1=C(C(=CC=C1)C)P(C2=CC=CC=C2)C3=CC=CC=C3,3.4000000000000004,35.208167618802015,[C][C][=C][Branch1_1][Branch2_3][C][Branch1_2][Branch1_2][=C][C][=C][Ring1][Branch1_2][C][P][Branch1_1][Branch2_2][C][=C][C][=C][C][=C][Ring1][Branch1_2][C][=C][C][=C][C][=C][Ring1][Branch1_2],0.2520247501578585,{[$]C1=C(C(=CC=C1)C)P(C2=CC=CC=C2)C3=CC=CC=C3}
111,22.37819480895996,1.3,P(C6F5)2Ph,C1=CC=C(C=C1)P(C2=C(C(=C(C(=C2F)F)F)F)F)C3=C(C(=C(C(=C3F)F)F)F)F,2.2,1.8789477235398,[C][=C][C][=C][Branch1_1][Branch1_1][C][=C][Ring1][Branch1_2][P][Branch2_1][Ring1][Branch1_2][C][=C][Branch1_1][P][C][Branch1_2][=N][=C][Branch1_1][Branch2_2][C][Branch1_2][Branch1_1][=C][Ring1][Branch1_2][F][F][F][F][F][C][=C][Branch1_1][P][C][Branch1_2][=N][=C][Branch1_1][Branch2_2][C][Branch1_2][Branch1_1][=C][Ring1][Branch1_2][F][F][F][F][F],2.907443100034096,{[$]1=CC=C(C=C1)P(C2=C(C(=C(C(=C2F)F)F)F)F)C3=C(C(=C(C(=C3F)F)F)F)F}
112,22.37819480895996,4.7,PhSPhos,COC1=C(C(=CC=C1)OC)C2=CC=CC=C2P(C3=CC=CC=C3)C4=CC=CC=C4,7.4,56.71068531530175,[C][O][C][=C][Branch1_1][O][C][Branch1_2][Branch1_2][=C][C][=C][Ring1][Branch1_2][O][C][C][=C][C][=C][C][=C][Ring1][Branch1_2][P][Branch1_1][Branch2_2][C][=C][C][=C][C][=C][Ring1][Branch1_2][C][=C][C][=C][C][=C][Ring1][Branch1_2],0.6050107022074324,{[$]OC1=C(C(=CC=C1)OC)C2=CC=CC=C2P(C3=CC=CC=C3)C4=CC=CC=C4}
113,27.856409072875977,4.2,PhSPhos,COC1=C(C(=CC=C1)OC)C2=CC=CC=C2P(C3=CC=CC=C3)C4=CC=CC=C4,6.4,63.61623498721166,[C][O][C][=C][Branch1_1][O][C][Branch1_2][Branch1_2][=C][C][=C][Ring1][Branch1_2][O][C][C][=C][C][=C][C][=C][Ring1][Branch1_2][P][Branch1_1][Branch2_2][C][=C][C][=C][C][=C][Ring1][Branch1_2][C][=C][C][=C][C][=C][Ring1][Branch1_2],2.762845322841733,{[$]OC1=C(C(=CC=C1)OC)C2=CC=CC=C2P(C3=CC=CC=C3)C4=CC=CC=C4}
114,27.856409072875977,1.7,Et-PhenCarPhos,CCP(CC)C1=CC=CC=C1N2C3=CC=CC=C3C4=CC=CC=C42,6.6000000000000005,1.592540090540913,[C][C][P][Branch1_1][Ring1][C][C][C][=C][C][=C][C][=C][Ring1][Branch1_2][N][C][=C][C][=C][C][=C][Ring1][Branch1_2][C][=C][C][=C][C][=C][Ring1][Branch1_2][Ring1][=N],41.48203903752068,{[$]CP(CC)C1=CC=CC=C1N2C3=CC=CC=C3C4=CC=CC=C42}
115,27.856409072875977,1.7,"PPh (4-(2,2-(CF3)2-F7pent)-Ph)2",C1=CC=C(C=C1)P(C2=CC=C(C=C2)CC(C(C(C(F)(F)F)(F)F)(F)F)(C(F)(F)F)C(F)(F)F)C3=CC=C(C=C3)CC(C(C(C(F)(F)F)(F)F)(F)F)(C(F)(F)F)C(F)(F)F,6.6000000000000005,38.193826913906015,[C][=C][C][=C][Branch1_1][Branch1_1][C][=C][Ring1][Branch1_2][P][Branch2_1][Branch1_1][Branch2_1][C][=C][C][=C][Branch1_1][Branch1_1][C][=C][Ring1][Branch1_2][C][C][Branch2_1][Ring1][Branch1_3][C][Branch1_1][S][C][Branch1_1][Branch2_2][C][Branch1_1][C][F][Branch1_1][C][F][F][Branch1_1][C][F][F][Branch1_1][C][F][F][Branch1_1][Branch2_2][C][Branch1_1][C][F][Branch1_1][C][F][F][C][Branch1_1][C][F][Branch1_1][C][F][F][C][=C][C][=C][Branch1_1][Branch1_1][C][=C][Ring1][Branch1_2][C][C][Branch2_1][Ring1][Branch1_3][C][Branch1_1][S][C][Branch1_1][Branch2_2][C][Branch1_1][C][F][Branch1_1][C][F][F][Branch1_1][C][F][F][Branch1_1][C][F][F][Branch1_1][Branch2_2][C][Branch1_1][C][F][Branch1_1][C][F][F][C][Branch1_1][C][F][Branch1_1][C][F][F],19.846607978727263,{[$]1=CC=C(C=C1)P(C2=CC=C(C=C2)CC(C(C(C(F)(F)F)(F)F)(F)F)(C(F)(F)F)C(F)(F)F)C3=CC=C(C=C3)CC(C(C(C(F)(F)F)(F)F)(F)F)(C(F)(F)F)C(F)(F)F}
116,27.856409072875977,1.6,PnPr3,CCCP(CCC)CCC,6.2,0.0,[C][C][C][P][Branch1_1][Ring2][C][C][C][C][C][C],72.08473911418984,{[$]CCP(CCC)CCC}
117,27.856409072875977,4.4,PhSPhos,COC1=C(C(=CC=C1)OC)C2=CC=CC=C2P(C3=CC=CC=C3)C4=CC=CC=C4,7.0,66.81900793116813,[C][O][C][=C][Branch1_1][O][C][Branch1_2][Branch1_2][=C][C][=C][Ring1][Branch1_2][O][C][C][=C][C][=C][C][=C][Ring1][Branch1_2][P][Branch1_1][Branch2_2][C][=C][C][=C][C][=C][Ring1][Branch1_2][C][=C][C][=C][C][=C][Ring1][Branch1_2],5.132233035354402,{[$]OC1=C(C(=CC=C1)OC)C2=CC=CC=C2P(C3=CC=CC=C3)C4=CC=CC=C4}
118,27.856409072875977,3.9,PhSPhos,COC1=C(C(=CC=C1)OC)C2=CC=CC=C2P(C3=CC=CC=C3)C4=CC=CC=C4,6.6000000000000005,65.69868379009843,[C][O][C][=C][Branch1_1][O][C][Branch1_2][Branch1_2][=C][C][=C][Ring1][Branch1_2][O][C][C][=C][C][=C][C][=C][Ring1][Branch1_2][P][Branch1_1][Branch2_2][C][=C][C][=C][C][=C][Ring1][Branch1_2][C][=C][C][=C][C][=C][Ring1][Branch1_2],49.23465602618015,{[$]OC1=C(C(=CC=C1)OC)C2=CC=CC=C2P(C3=CC=CC=C3)C4=CC=CC=C4}
119,27.856409072875977,1.6,PCy2Ph,C1CCC(CC1)P(C2CCCCC2)C3=CC=CC=C3,6.4,0.0,[C][C][C][C][Branch1_1][Branch1_1][C][C][Ring1][Branch1_2][P][Branch1_1][Branch2_2][C][C][C][C][C][C][Ring1][Branch1_2][C][=C][C][=C][C][=C][Ring1][Branch1_2],0.5327690025690154,{[$]1CCC(CC1)P(C2CCCCC2)C3=CC=CC=C3}
120,27.856409072875977,4.0,PhSPhos,COC1=C(C(=CC=C1)OC)C2=CC=CC=C2P(C3=CC=CC=C3)C4=CC=CC=C4,6.0,66.10105230185984,[C][O][C][=C][Branch1_1][O][C][Branch1_2][Branch1_2][=C][C][=C][Ring1][Branch1_2][O][C][C][=C][C][=C][C][=C][Ring1][Branch1_2][P][Branch1_1][Branch2_2][C][=C][C][=C][C][=C][Ring1][Branch1_2][C][=C][C][=C][C][=C][Ring1][Branch1_2],0.0,{[$]OC1=C(C(=CC=C1)OC)C2=CC=CC=C2P(C3=CC=CC=C3)C4=CC=CC=C4}
121,39.065860748291016,4.1,PCy2Ph,C1CCC(CC1)P(C2CCCCC2)C3=CC=CC=C3,2.2,27.710665202410272,[C][C][C][C][Branch1_1][Branch1_1][C][C][Ring1][Branch1_2][P][Branch1_1][Branch2_2][C][C][C][C][C][C][Ring1][Branch1_2][C][=C][C][=C][C][=C][Ring1][Branch1_2],63.43387934637158,{[$]1CCC(CC1)P(C2CCCCC2)C3=CC=CC=C3}
122,39.065860748291016,4.8,PhSPhos,COC1=C(C(=CC=C1)OC)C2=CC=CC=C2P(C3=CC=CC=C3)C4=CC=CC=C4,3.0,61.47452549351036,[C][O][C][=C][Branch1_1][O][C][Branch1_2][Branch1_2][=C][C][=C][Ring1][Branch1_2][O][C][C][=C][C][=C][C][=C][Ring1][Branch1_2][P][Branch1_1][Branch2_2][C][=C][C][=C][C][=C][Ring1][Branch1_2][C][=C][C][=C][C][=C][Ring1][Branch1_2],0.4663928790789707,{[$]OC1=C(C(=CC=C1)OC)C2=CC=CC=C2P(C3=CC=CC=C3)C4=CC=CC=C4}
123,39.065860748291016,4.4,PhSPhos,COC1=C(C(=CC=C1)OC)C2=CC=CC=C2P(C3=CC=CC=C3)C4=CC=CC=C4,3.0,63.62739960820355,[C][O][C][=C][Branch1_1][O][C][Branch1_2][Branch1_2][=C][C][=C][Ring1][Branch1_2][O][C][C][=C][C][=C][C][=C][Ring1][Branch1_2][P][Branch1_1][Branch2_2][C][=C][C][=C][C][=C][Ring1][Branch1_2][C][=C][C][=C][C][=C][Ring1][Branch1_2],3.07565208009528,{[$]OC1=C(C(=CC=C1)OC)C2=CC=CC=C2P(C3=CC=CC=C3)C4=CC=CC=C4}
124,39.065860748291016,3.3,"PPh2(2,6-Me2-Ph)",CC1=C(C(=CC=C1)C)P(C2=CC=CC=C2)C3=CC=CC=C3,13.0,33.17023777653186,[C][C][=C][Branch1_1][Branch2_3][C][Branch1_2][Branch1_2][=C][C][=C][Ring1][Branch1_2][C][P][Branch1_1][Branch2_2][C][=C][C][=C][C][=C][Ring1][Branch1_2][C][=C][C][=C][C][=C][Ring1][Branch1_2],22.8387395616798,{[$]C1=C(C(=CC=C1)C)P(C2=CC=CC=C2)C3=CC=CC=C3}
125,39.065860748291016,2.6,Sphos,COC1=C(C(=CC=C1)OC)C2=CC=CC=C2P(C3CCCCC3)C4CCCCC4,10.4,22.52546883316286,[C][O][C][=C][Branch1_1][O][C][Branch1_2][Branch1_2][=C][C][=C][Ring1][Branch1_2][O][C][C][=C][C][=C][C][=C][Ring1][Branch1_2][P][Branch1_1][Branch2_2][C][C][C][C][C][C][Ring1][Branch1_2][C][C][C][C][C][C][Ring1][Branch1_2],72.70155493377281,{[$]OC1=C(C(=CC=C1)OC)C2=CC=CC=C2P(C3CCCCC3)C4CCCCC4}
126,39.065860748291016,2.6,"PPh (4-(2,2-(CF3)2-F7pent)-Ph)2",C1=CC=C(C=C1)P(C2=CC=C(C=C2)CC(C(C(C(F)(F)F)(F)F)(F)F)(C(F)(F)F)C(F)(F)F)C3=CC=C(C=C3)CC(C(C(C(F)(F)F)(F)F)(F)F)(C(F)(F)F)C(F)(F)F,10.0,45.50936114585772,[C][=C][C][=C][Branch1_1][Branch1_1][C][=C][Ring1][Branch1_2][P][Branch2_1][Branch1_1][Branch2_1][C][=C][C][=C][Branch1_1][Branch1_1][C][=C][Ring1][Branch1_2][C][C][Branch2_1][Ring1][Branch1_3][C][Branch1_1][S][C][Branch1_1][Branch2_2][C][Branch1_1][C][F][Branch1_1][C][F][F][Branch1_1][C][F][F][Branch1_1][C][F][F][Branch1_1][Branch2_2][C][Branch1_1][C][F][Branch1_1][C][F][F][C][Branch1_1][C][F][Branch1_1][C][F][F][C][=C][C][=C][Branch1_1][Branch1_1][C][=C][Ring1][Branch1_2][C][C][Branch2_1][Ring1][Branch1_3][C][Branch1_1][S][C][Branch1_1][Branch2_2][C][Branch1_1][C][F][Branch1_1][C][F][F][Branch1_1][C][F][F][Branch1_1][C][F][F][Branch1_1][Branch2_2][C][Branch1_1][C][F][Branch1_1][C][F][F][C][Branch1_1][C][F][Branch1_1][C][F][F],8.339302649442828,{[$]1=CC=C(C=C1)P(C2=CC=C(C=C2)CC(C(C(C(F)(F)F)(F)F)(F)F)(C(F)(F)F)C(F)(F)F)C3=CC=C(C=C3)CC(C(C(C(F)(F)F)(F)F)(F)F)(C(F)(F)F)C(F)(F)F}
127,39.065860748291016,2.9,P(nOct)3,CCCCCCCCP(CCCCCCCC)CCCCCCCC,11.4,0.0,[C][C][C][C][C][C][C][C][P][Branch1_1][Branch2_2][C][C][C][C][C][C][C][C][C][C][C][C][C][C][C][C],0.6033552372786971,{[$]CCCCCCCP(CCCCCCCC)CCCCCCCC}
128,39.065860748291016,2.7,PoTol3,CC1=CC=CC=C1P(C2=CC=CC=C2C)C3=CC=CC=C3C,10.8,4.673038710758409,[C][C][=C][C][=C][C][=C][Ring1][Branch1_2][P][Branch1_1][Branch2_3][C][=C][C][=C][C][=C][Ring1][Branch1_2][C][C][=C][C][=C][C][=C][Ring1][Branch1_2][C],25.291462101460127,{[$]C1=CC=CC=C1P(C2=CC=CC=C2C)C3=CC=CC=C3C}
129,31.77157020568848,4.1,PhSPhos,COC1=C(C(=CC=C1)OC)C2=CC=CC=C2P(C3=CC=CC=C3)C4=CC=CC=C4,8.4,69.35082009715633,[C][O][C][=C][Branch1_1][O][C][Branch1_2][Branch1_2][=C][C][=C][Ring1][Branch1_2][O][C][C][=C][C][=C][C][=C][Ring1][Branch1_2][P][Branch1_1][Branch2_2][C][=C][C][=C][C][=C][Ring1][Branch1_2][C][=C][C][=C][C][=C][Ring1][Branch1_2],45.50936114585772,{[$]OC1=C(C(=CC=C1)OC)C2=CC=CC=C2P(C3=CC=CC=C3)C4=CC=CC=C4}
130,31.77157020568848,4.4,PPh2(2-OMe-Ph),COC1=CC=CC=C1P(C2=CC=CC=C2)C3=CC=CC=C3,8.200000000000001,45.58272162625386,[C][O][C][=C][C][=C][C][=C][Ring1][Branch1_2][P][Branch1_1][Branch2_2][C][=C][C][=C][C][=C][Ring1][Branch1_2][C][=C][C][=C][C][=C][Ring1][Branch1_2],50.58524230978591,{[$]OC1=CC=CC=C1P(C2=CC=CC=C2)C3=CC=CC=C3}
131,31.77157020568848,4.8,JohnPhos,CC(C)(C)P(C1=CC=CC=C1C2=CC=CC=C2)C(C)(C)C,14.8,0.41280919185239,[C][C][Branch1_1][C][C][Branch1_1][C][C][P][Branch1_1][P][C][=C][C][=C][C][=C][Ring1][Branch1_2][C][=C][C][=C][C][=C][Ring1][Branch1_2][C][Branch1_1][C][C][Branch1_1][C][C][C],0.0,{[$]C[$][$]P(C1=CC=CC=C1C2=CC=CC=C2)C[$][$]C}
132,31.77157020568848,4.2,PhSPhos,COC1=C(C(=CC=C1)OC)C2=CC=CC=C2P(C3=CC=CC=C3)C4=CC=CC=C4,8.200000000000001,69.29735009543691,[C][O][C][=C][Branch1_1][O][C][Branch1_2][Branch1_2][=C][C][=C][Ring1][Branch1_2][O][C][C][=C][C][=C][C][=C][Ring1][Branch1_2][P][Branch1_1][Branch2_2][C][=C][C][=C][C][=C][Ring1][Branch1_2][C][=C][C][=C][C][=C][Ring1][Branch1_2],51.2669566175028,{[$]OC1=C(C(=CC=C1)OC)C2=CC=CC=C2P(C3=CC=CC=C3)C4=CC=CC=C4}
133,31.77157020568848,4.1,PhSPhos,COC1=C(C(=CC=C1)OC)C2=CC=CC=C2P(C3=CC=CC=C3)C4=CC=CC=C4,8.4,67.44843551178369,[C][O][C][=C][Branch1_1][O][C][Branch1_2][Branch1_2][=C][C][=C][Ring1][Branch1_2][O][C][C][=C][C][=C][C][=C][Ring1][Branch1_2][P][Branch1_1][Branch2_2][C][=C][C][=C][C][=C][Ring1][Branch1_2][C][=C][C][=C][C][=C][Ring1][Branch1_2],72.96021524921514,{[$]OC1=C(C(=CC=C1)OC)C2=CC=CC=C2P(C3=CC=CC=C3)C4=CC=CC=C4}
134,31.77157020568848,4.1,PhSPhos,COC1=C(C(=CC=C1)OC)C2=CC=CC=C2P(C3=CC=CC=C3)C4=CC=CC=C4,8.4,69.20789826652408,[C][O][C][=C][Branch1_1][O][C][Branch1_2][Branch1_2][=C][C][=C][Ring1][Branch1_2][O][C][C][=C][C][=C][C][=C][Ring1][Branch1_2][P][Branch1_1][Branch2_2][C][=C][C][=C][C][=C][Ring1][Branch1_2][C][=C][C][=C][C][=C][Ring1][Branch1_2],6.794016128843881,{[$]OC1=C(C(=CC=C1)OC)C2=CC=CC=C2P(C3=CC=CC=C3)C4=CC=CC=C4}
135,31.77157020568848,4.8,P(C6F5)2Ph,C1=CC=C(C=C1)P(C2=C(C(=C(C(=C2F)F)F)F)F)C3=C(C(=C(C(=C3F)F)F)F)F,14.8,3.436679220342048,[C][=C][C][=C][Branch1_1][Branch1_1][C][=C][Ring1][Branch1_2][P][Branch2_1][Ring1][Branch1_2][C][=C][Branch1_1][P][C][Branch1_2][=N][=C][Branch1_1][Branch2_2][C][Branch1_2][Branch1_1][=C][Ring1][Branch1_2][F][F][F][F][F][C][=C][Branch1_1][P][C][Branch1_2][=N][=C][Branch1_1][Branch2_2][C][Branch1_2][Branch1_1][=C][Ring1][Branch1_2][F][F][F][F][F],58.63264236577543,{[$]1=CC=C(C=C1)P(C2=C(C(=C(C(=C2F)F)F)F)F)C3=C(C(=C(C(=C3F)F)F)F)F}
136,31.77157020568848,4.1,PhSPhos,COC1=C(C(=CC=C1)OC)C2=CC=CC=C2P(C3=CC=CC=C3)C4=CC=CC=C4,7.800000000000001,72.08473911418984,[C][O][C][=C][Branch1_1][O][C][Branch1_2][Branch1_2][=C][C][=C][Ring1][Branch1_2][O][C][C][=C][C][=C][C][=C][Ring1][Branch1_2][P][Branch1_1][Branch2_2][C][=C][C][=C][C][=C][Ring1][Branch1_2][C][=C][C][=C][C][=C][Ring1][Branch1_2],56.71068531530175,{[$]OC1=C(C(=CC=C1)OC)C2=CC=CC=C2P(C3=CC=CC=C3)C4=CC=CC=C4}
137,17.557064056396484,4.9,PhSPhos,COC1=C(C(=CC=C1)OC)C2=CC=CC=C2P(C3=CC=CC=C3)C4=CC=CC=C4,10.2,41.48203903752068,[C][O][C][=C][Branch1_1][O][C][Branch1_2][Branch1_2][=C][C][=C][Ring1][Branch1_2][O][C][C][=C][C][=C][C][=C][Ring1][Branch1_2][P][Branch1_1][Branch2_2][C][=C][C][=C][C][=C][Ring1][Branch1_2][C][=C][C][=C][C][=C][Ring1][Branch1_2],9.26408356820886,{[$]OC1=C(C(=CC=C1)OC)C2=CC=CC=C2P(C3=CC=CC=C3)C4=CC=CC=C4}
138,17.557064056396484,4.7,PhSPhos,COC1=C(C(=CC=C1)OC)C2=CC=CC=C2P(C3=CC=CC=C3)C4=CC=CC=C4,2.4000000000000004,45.52032500705908,[C][O][C][=C][Branch1_1][O][C][Branch1_2][Branch1_2][=C][C][=C][Ring1][Branch1_2][O][C][C][=C][C][=C][C][=C][Ring1][Branch1_2][P][Branch1_1][Branch2_2][C][=C][C][=C][C][=C][Ring1][Branch1_2][C][=C][C][=C][C][=C][Ring1][Branch1_2],64.88267001779951,{[$]OC1=C(C(=CC=C1)OC)C2=CC=CC=C2P(C3=CC=CC=C3)C4=CC=CC=C4}
139,17.557064056396484,4.0,PEt3,CCP(CC)CC,8.200000000000001,5.132233035354402,[C][C][P][Branch1_1][Ring1][C][C][C][C],7.892511824967622,{[$]CP(CC)CC}
140,17.557064056396484,3.7,Ph2P(CH2)3Si(OEt)3,CCO[Si](CCCP(C1=CC=CC=C1)C2=CC=CC=C2)(OCC)OCC,9.6,11.732687295499478,[C][C][O][Siexpl][Branch2_1][Ring1][Branch1_3][C][C][C][P][Branch1_1][Branch2_2][C][=C][C][=C][C][=C][Ring1][Branch1_2][C][=C][C][=C][C][=C][Ring1][Branch1_2][Branch1_1][Ring2][O][C][C][O][C][C],2.550481181169747,{[$]CO[Si](CCCP(C1=CC=CC=C1)C2=CC=CC=C2)(OCC)OCC}
141,17.557064056396484,1.9,PhAtaPhos,CN(C)C1=CC=C(C=C1)P(C2=CC=CC=C2)C3=CC=CC=C3,1.2000000000000002,29.83027798601053,[C][N][Branch1_1][C][C][C][=C][C][=C][Branch1_1][Branch1_1][C][=C][Ring1][Branch1_2][P][Branch1_1][Branch2_2][C][=C][C][=C][C][=C][Ring1][Branch1_2][C][=C][C][=C][C][=C][Ring1][Branch1_2],45.548611510944895,{[$]N[$]C1=CC=C(C=C1)P(C2=CC=CC=C2)C3=CC=CC=C3}
142,17.557064056396484,1.9,"P(3,5-Me2-4-OMe-Ph)3",CC1=CC(=CC(=C1OC)C)P(C2=CC(=C(C(=C2)C)OC)C)C3=CC(=C(C(=C3)C)OC)C,1.0,14.48117595816712,[C][C][=C][C][Branch1_2][O][=C][C][Branch1_2][Branch1_2][=C][Ring1][Branch1_2][O][C][C][P][Branch2_1][Ring1][Ring1][C][=C][C][Branch1_2][=N][=C][Branch1_1][Branch2_1][C][Branch1_2][Ring2][=C][Ring1][Branch1_2][C][O][C][C][C][=C][C][Branch1_2][=N][=C][Branch1_1][Branch2_1][C][Branch1_2][Ring2][=C][Ring1][Branch1_2][C][O][C][C],35.208167618802015,{[$]C1=CC(=CC(=C1OC)C)P(C2=CC(=C(C(=C2)C)OC)C)C3=CC(=C(C(=C3)C)OC)C}
143,17.557064056396484,3.8,P(C6F5)2Ph,C1=CC=C(C=C1)P(C2=C(C(=C(C(=C2F)F)F)F)F)C3=C(C(=C(C(=C3F)F)F)F)F,7.6,2.796975807034607,[C][=C][C][=C][Branch1_1][Branch1_1][C][=C][Ring1][Branch1_2][P][Branch2_1][Ring1][Branch1_2][C][=C][Branch1_1][P][C][Branch1_2][=N][=C][Branch1_1][Branch2_2][C][Branch1_2][Branch1_1][=C][Ring1][Branch1_2][F][F][F][F][F][C][=C][Branch1_1][P][C][Branch1_2][=N][=C][Branch1_1][Branch2_2][C][Branch1_2][Branch1_1][=C][Ring1][Branch1_2][F][F][F][F][F],71.78526628934588,{[$]1=CC=C(C=C1)P(C2=C(C(=C(C(=C2F)F)F)F)F)C3=C(C(=C(C(=C3F)F)F)F)F}
144,17.557064056396484,1.9,Ph2P(CH2)3Si(OEt)3,CCO[Si](CCCP(C1=CC=CC=C1)C2=CC=CC=C2)(OCC)OCC,1.2000000000000002,17.768494268274686,[C][C][O][Siexpl][Branch2_1][Ring1][Branch1_3][C][C][C][P][Branch1_1][Branch2_2][C][=C][C][=C][C][=C][Ring1][Branch1_2][C][=C][C][=C][C][=C][Ring1][Branch1_2][Branch1_1][Ring2][O][C][C][O][C][C],50.63673492179032,{[$]CO[Si](CCCP(C1=CC=CC=C1)C2=CC=CC=C2)(OCC)OCC}
145,33.84888458251953,4.1,RockPhos,CC1=C(C(=C(C=C1)OC)P(C(C)(C)C)C(C)(C)C)C2=C(C=C(C=C2C(C)C)C(C)C)C(C)C,11.6,2.8370674678742684,[C][C][=C][Branch2_1][Ring1][S][C][Branch1_2][Branch2_3][=C][Branch1_1][Branch1_1][C][=C][Ring1][Branch1_2][O][C][P][Branch1_1][Branch2_2][C][Branch1_1][C][C][Branch1_1][C][C][C][C][Branch1_1][C][C][Branch1_1][C][C][C][C][=C][Branch2_1][Ring1][Ring1][C][=C][Branch1_1][Branch2_3][C][=C][Ring1][Branch1_2][C][Branch1_1][C][C][C][C][Branch1_1][C][C][C][C][Branch1_1][C][C][C],0.7017836179959207,{[$]C1=C(C(=C(C=C1)OC)P(C[$][$]C)C[$][$]C)C2=C(C=C(C=C2C[$]C)C[$]C)C[$]C}
146,33.84888458251953,4.2,PhSPhos,COC1=C(C(=CC=C1)OC)C2=CC=CC=C2P(C3=CC=CC=C3)C4=CC=CC=C4,7.6,71.3397033203134,[C][O][C][=C][Branch1_1][O][C][Branch1_2][Branch1_2][=C][C][=C][Ring1][Branch1_2][O][C][C][=C][C][=C][C][=C][Ring1][Branch1_2][P][Branch1_1][Branch2_2][C][=C][C][=C][C][=C][Ring1][Branch1_2][C][=C][C][=C][C][=C][Ring1][Branch1_2],27.554509386176868,{[$]OC1=C(C(=CC=C1)OC)C2=CC=CC=C2P(C3=CC=CC=C3)C4=CC=CC=C4}
147,33.84888458251953,3.8,PhSPhos,COC1=C(C(=CC=C1)OC)C2=CC=CC=C2P(C3=CC=CC=C3)C4=CC=CC=C4,6.6000000000000005,68.31143871732651,[C][O][C][=C][Branch1_1][O][C][Branch1_2][Branch1_2][=C][C][=C][Ring1][Branch1_2][O][C][C][=C][C][=C][C][=C][Ring1][Branch1_2][P][Branch1_1][Branch2_2][C][=C][C][=C][C][=C][Ring1][Branch1_2][C][=C][C][=C][C][=C][Ring1][Branch1_2],5.405959709656598,{[$]OC1=C(C(=CC=C1)OC)C2=CC=CC=C2P(C3=CC=CC=C3)C4=CC=CC=C4}
148,33.84888458251953,3.8,PEt3,CCP(CC)CC,10.0,0.0,[C][C][P][Branch1_1][Ring1][C][C][C][C],1.7896953233231776,{[$]CP(CC)CC}
149,33.84888458251953,3.9,AtaPhos,CC(C)(C)P(C1=CC=C(C=C1)N(C)C)C(C)(C)C,12.2,0.9068965269923706,[C][C][Branch1_1][C][C][Branch1_1][C][C][P][Branch1_1][S][C][=C][C][=C][Branch1_1][Branch1_1][C][=C][Ring1][Branch1_2][N][Branch1_1][C][C][C][C][Branch1_1][C][C][Branch1_1][C][C][C],30.82003355579568,{[$]C[$][$]P(C1=CC=C(C=C1)N[$]C)C[$][$]C}
150,33.84888458251953,3.6,AtaPhos,CC(C)(C)P(C1=CC=C(C=C1)N(C)C)C(C)(C)C,11.6,1.0049768466004154,[C][C][Branch1_1][C][C][Branch1_1][C][C][P][Branch1_1][S][C][=C][C][=C][Branch1_1][Branch1_1][C][=C][Ring1][Branch1_2][N][Branch1_1][C][C][C][C][Branch1_1][C][C][Branch1_1][C][C][C],72.72938800917574,{[$]C[$][$]P(C1=CC=C(C=C1)N[$]C)C[$][$]C}
151,33.84888458251953,3.9,"1-Cy2P-2,4,6-MeO-Ph2",COC1=CC(=C(C(=C1)OC)C2=CC=CC=C2P(C3CCCCC3)C4CCCCC4)OC,12.2,4.017882709464438,[C][O][C][=C][C][Branch2_2][Ring2][Branch1_3][=C][Branch1_1][Branch2_2][C][Branch1_2][Ring2][=C][Ring1][Branch1_2][O][C][C][=C][C][=C][C][=C][Ring1][Branch1_2][P][Branch1_1][Branch2_2][C][C][C][C][C][C][Ring1][Branch1_2][C][C][C][C][C][C][Ring1][Branch1_2][O][C],19.644505289405725,{[$]OC1=CC(=C(C(=C1)OC)C2=CC=CC=C2P(C3CCCCC3)C4CCCCC4)OC}
152,33.84888458251953,4.5,PhSPhos,COC1=C(C(=CC=C1)OC)C2=CC=CC=C2P(C3=CC=CC=C3)C4=CC=CC=C4,8.4,72.70155493377281,[C][O][C][=C][Branch1_1][O][C][Branch1_2][Branch1_2][=C][C][=C][Ring1][Branch1_2][O][C][C][=C][C][=C][C][=C][Ring1][Branch1_2][P][Branch1_1][Branch2_2][C][=C][C][=C][C][=C][Ring1][Branch1_2][C][=C][C][=C][C][=C][Ring1][Branch1_2],1.0049768466004154,{[$]OC1=C(C(=CC=C1)OC)C2=CC=CC=C2P(C3=CC=CC=C3)C4=CC=CC=C4}
153,16.66618537902832,2.8,PallylPh2,C=CCP(C1=CC=CC=C1)C2=CC=CC=C2,11.2,0.2619104054902362,[C][=C][C][P][Branch1_1][Branch2_2][C][=C][C][=C][C][=C][Ring1][Branch1_2][C][=C][C][=C][C][=C][Ring1][Branch1_2],69.29735009543691,{[$]=CCP(C1=CC=CC=C1)C2=CC=CC=C2}
154,16.66618537902832,5.0,P(mesityl)3,CC1=CC(=C(C(=C1)C)P(C2=C(C=C(C=C2C)C)C)C3=C(C=C(C=C3C)C)C)C,15.6,2.762845322841733,[C][C][=C][C][Branch2_2][Ring2][N][=C][Branch1_1][Branch2_1][C][Branch1_2][Ring2][=C][Ring1][Branch1_2][C][P][Branch1_1][S][C][=C][Branch1_1][O][C][=C][Branch1_1][Branch1_2][C][=C][Ring1][Branch1_2][C][C][C][C][=C][Branch1_1][O][C][=C][Branch1_1][Branch1_2][C][=C][Ring1][Branch1_2][C][C][C][C],67.95172150799954,{[$]C1=CC(=C(C(=C1)C)P(C2=C(C=C(C=C2C)C)C)C3=C(C=C(C=C3C)C)C)C}
155,16.66618537902832,2.8,AtaPhos,CC(C)(C)P(C1=CC=C(C=C1)N(C)C)C(C)(C)C,11.2,0.0,[C][C][Branch1_1][C][C][Branch1_1][C][C][P][Branch1_1][S][C][=C][C][=C][Branch1_1][Branch1_1][C][=C][Ring1][Branch1_2][N][Branch1_1][C][C][C][C][Branch1_1][C][C][Branch1_1][C][C][C],18.1477294753462,{[$]C[$][$]P(C1=CC=C(C=C1)N[$]C)C[$][$]C}
156,16.66618537902832,4.9,"P(3,5-Me2-4-OMe-Ph)3",CC1=CC(=CC(=C1OC)C)P(C2=CC(=C(C(=C2)C)OC)C)C3=CC(=C(C(=C3)C)OC)C,3.2,28.24472926661054,[C][C][=C][C][Branch1_2][O][=C][C][Branch1_2][Branch1_2][=C][Ring1][Branch1_2][O][C][C][P][Branch2_1][Ring1][Ring1][C][=C][C][Branch1_2][=N][=C][Branch1_1][Branch2_1][C][Branch1_2][Ring2][=C][Ring1][Branch1_2][C][O][C][C][C][=C][C][Branch1_2][=N][=C][Branch1_1][Branch2_1][C][Branch1_2][Ring2][=C][Ring1][Branch1_2][C][O][C][C],61.47452549351036,{[$]C1=CC(=CC(=C1OC)C)P(C2=CC(=C(C(=C2)C)OC)C)C3=CC(=C(C(=C3)C)OC)C}
157,16.66618537902832,2.8,P(C6F5)2Ph,C1=CC=C(C=C1)P(C2=C(C(=C(C(=C2F)F)F)F)F)C3=C(C(=C(C(=C3F)F)F)F)F,10.8,1.8652229732296548,[C][=C][C][=C][Branch1_1][Branch1_1][C][=C][Ring1][Branch1_2][P][Branch2_1][Ring1][Branch1_2][C][=C][Branch1_1][P][C][Branch1_2][=N][=C][Branch1_1][Branch2_2][C][Branch1_2][Branch1_1][=C][Ring1][Branch1_2][F][F][F][F][F][C][=C][Branch1_1][P][C][Branch1_2][=N][=C][Branch1_1][Branch2_2][C][Branch1_2][Branch1_1][=C][Ring1][Branch1_2][F][F][F][F][F],0.0,{[$]1=CC=C(C=C1)P(C2=C(C(=C(C(=C2F)F)F)F)F)C3=C(C(=C(C(=C3F)F)F)F)F}
158,16.66618537902832,4.2,PhSPhos,COC1=C(C(=CC=C1)OC)C2=CC=CC=C2P(C3=CC=CC=C3)C4=CC=CC=C4,2.4000000000000004,50.31785067602732,[C][O][C][=C][Branch1_1][O][C][Branch1_2][Branch1_2][=C][C][=C][Ring1][Branch1_2][O][C][C][=C][C][=C][C][=C][Ring1][Branch1_2][P][Branch1_1][Branch2_2][C][=C][C][=C][C][=C][Ring1][Branch1_2][C][=C][C][=C][C][=C][Ring1][Branch1_2],15.301667960440255,{[$]OC1=C(C(=CC=C1)OC)C2=CC=CC=C2P(C3=CC=CC=C3)C4=CC=CC=C4}
159,16.66618537902832,5.0,"1-Cy2P-2,4,6-MeO-Ph2",COC1=CC(=C(C(=C1)OC)C2=CC=CC=C2P(C3CCCCC3)C4CCCCC4)OC,15.2,0.4663928790789707,[C][O][C][=C][C][Branch2_2][Ring2][Branch1_3][=C][Branch1_1][Branch2_2][C][Branch1_2][Ring2][=C][Ring1][Branch1_2][O][C][C][=C][C][=C][C][=C][Ring1][Branch1_2][P][Branch1_1][Branch2_2][C][C][C][C][C][C][Ring1][Branch1_2][C][C][C][C][C][C][Ring1][Branch1_2][O][C],17.09330870041194,{[$]OC1=CC(=C(C(=C1)OC)C2=CC=CC=C2P(C3CCCCC3)C4CCCCC4)OC}
160,16.66618537902832,5.0,"PtBu2(E-but-2-enyl), m-CroPhos",CC=CCP(C(C)(C)C)C(C)(C)C,16.2,10.321904832275337,[C][C][=C][C][P][Branch1_1][Branch2_2][C][Branch1_1][C][C][Branch1_1][C][C][C][C][Branch1_1][C][C][Branch1_1][C][C][C],1.9147210365253389,{[$]C=CCP(C[$][$]C)C[$][$]C}
161,35.0504264831543,3.8,PhSPhos,COC1=C(C(=CC=C1)OC)C2=CC=CC=C2P(C3=CC=CC=C3)C4=CC=CC=C4,9.2,72.98034325971037,[C][O][C][=C][Branch1_1][O][C][Branch1_2][Branch1_2][=C][C][=C][Ring1][Branch1_2][O][C][C][=C][C][=C][C][=C][Ring1][Branch1_2][P][Branch1_1][Branch2_2][C][=C][C][=C][C][=C][Ring1][Branch1_2][C][=C][C][=C][C][=C][Ring1][Branch1_2],69.35082009715633,{[$]OC1=C(C(=CC=C1)OC)C2=CC=CC=C2P(C3=CC=CC=C3)C4=CC=CC=C4}
162,35.0504264831543,4.5,PhSPhos,COC1=C(C(=CC=C1)OC)C2=CC=CC=C2P(C3=CC=CC=C3)C4=CC=CC=C4,10.4,72.24744463840095,[C][O][C][=C][Branch1_1][O][C][Branch1_2][Branch1_2][=C][C][=C][Ring1][Branch1_2][O][C][C][=C][C][=C][C][=C][Ring1][Branch1_2][P][Branch1_1][Branch2_2][C][=C][C][=C][C][=C][Ring1][Branch1_2][C][=C][C][=C][C][=C][Ring1][Branch1_2],31.68253098997345,{[$]OC1=C(C(=CC=C1)OC)C2=CC=CC=C2P(C3=CC=CC=C3)C4=CC=CC=C4}
163,35.0504264831543,3.8,PhSPhos,COC1=C(C(=CC=C1)OC)C2=CC=CC=C2P(C3=CC=CC=C3)C4=CC=CC=C4,4.6000000000000005,72.72938800917574,[C][O][C][=C][Branch1_1][O][C][Branch1_2][Branch1_2][=C][C][=C][Ring1][Branch1_2][O][C][C][=C][C][=C][C][=C][Ring1][Branch1_2][P][Branch1_1][Branch2_2][C][=C][C][=C][C][=C][Ring1][Branch1_2][C][=C][C][=C][C][=C][Ring1][Branch1_2],36.91050232786484,{[$]OC1=C(C(=CC=C1)OC)C2=CC=CC=C2P(C3=CC=CC=C3)C4=CC=CC=C4}
164,35.0504264831543,4.5,PhSPhos,COC1=C(C(=CC=C1)OC)C2=CC=CC=C2P(C3=CC=CC=C3)C4=CC=CC=C4,10.4,72.96021524921514,[C][O][C][=C][Branch1_1][O][C][Branch1_2][Branch1_2][=C][C][=C][Ring1][Branch1_2][O][C][C][=C][C][=C][C][=C][Ring1][Branch1_2][P][Branch1_1][Branch2_2][C][=C][C][=C][C][=C][Ring1][Branch1_2][C][=C][C][=C][C][=C][Ring1][Branch1_2],57.49638956018809,{[$]OC1=C(C(=CC=C1)OC)C2=CC=CC=C2P(C3=CC=CC=C3)C4=CC=CC=C4}
165,35.0504264831543,4.0,Sphos,COC1=C(C(=CC=C1)OC)C2=CC=CC=C2P(C3CCCCC3)C4CCCCC4,4.2,19.474741089501496,[C][O][C][=C][Branch1_1][O][C][Branch1_2][Branch1_2][=C][C][=C][Ring1][Branch1_2][O][C][C][=C][C][=C][C][=C][Ring1][Branch1_2][P][Branch1_1][Branch2_2][C][C][C][C][C][C][Ring1][Branch1_2][C][C][C][C][C][C][Ring1][Branch1_2],55.884436791269096,{[$]OC1=C(C(=CC=C1)OC)C2=CC=CC=C2P(C3CCCCC3)C4CCCCC4}
166,35.0504264831543,4.2,PhSPhos,COC1=C(C(=CC=C1)OC)C2=CC=CC=C2P(C3=CC=CC=C3)C4=CC=CC=C4,7.6,72.49684166223904,[C][O][C][=C][Branch1_1][O][C][Branch1_2][Branch1_2][=C][C][=C][Ring1][Branch1_2][O][C][C][=C][C][=C][C][=C][Ring1][Branch1_2][P][Branch1_1][Branch2_2][C][=C][C][=C][C][=C][Ring1][Branch1_2][C][=C][C][=C][C][=C][Ring1][Branch1_2],33.728028240416386,{[$]OC1=C(C(=CC=C1)OC)C2=CC=CC=C2P(C3=CC=CC=C3)C4=CC=CC=C4}
167,35.0504264831543,1.7,PnPr3,CCCP(CCC)CCC,4.2,0.0,[C][C][C][P][Branch1_1][Ring2][C][C][C][C][C][C],30.569960007111806,{[$]CCP(CCC)CCC}
168,35.0504264831543,1.7,P(C6F5)2Ph,C1=CC=C(C=C1)P(C2=C(C(=C(C(=C2F)F)F)F)F)C3=C(C(=C(C(=C3F)F)F)F)F,3.8,2.173586627762312,[C][=C][C][=C][Branch1_1][Branch1_1][C][=C][Ring1][Branch1_2][P][Branch2_1][Ring1][Branch1_2][C][=C][Branch1_1][P][C][Branch1_2][=N][=C][Branch1_1][Branch2_2][C][Branch1_2][Branch1_1][=C][Ring1][Branch1_2][F][F][F][F][F][C][=C][Branch1_1][P][C][Branch1_2][=N][=C][Branch1_1][Branch2_2][C][Branch1_2][Branch1_1][=C][Ring1][Branch1_2][F][F][F][F][F],8.73390308207021,{[$]1=CC=C(C=C1)P(C2=C(C(=C(C(=C2F)F)F)F)F)C3=C(C(=C(C(=C3F)F)F)F)F}
169,11.256270408630373,4.2,PEt3,CCP(CC)CC,2.2,15.301667960440255,[C][C][P][Branch1_1][Ring1][C][C][C][C],14.48117595816712,{[$]CP(CC)CC}
170,11.256270408630373,2.0,PhSPhos,COC1=C(C(=CC=C1)OC)C2=CC=CC=C2P(C3=CC=CC=C3)C4=CC=CC=C4,5.800000000000001,17.958289573244627,[C][O][C][=C][Branch1_1][O][C][Branch1_2][Branch1_2][=C][C][=C][Ring1][Branch1_2][O][C][C][=C][C][=C][C][=C][Ring1][Branch1_2][P][Branch1_1][Branch2_2][C][=C][C][=C][C][=C][Ring1][Branch1_2][C][=C][C][=C][C][=C][Ring1][Branch1_2],27.03715103486539,{[$]OC1=C(C(=CC=C1)OC)C2=CC=CC=C2P(C3=CC=CC=C3)C4=CC=CC=C4}
171,11.256270408630373,1.9,PoTol3,CC1=CC=CC=C1P(C2=CC=CC=C2C)C3=CC=CC=C3C,2.0,24.95747869371501,[C][C][=C][C][=C][C][=C][Ring1][Branch1_2][P][Branch1_1][Branch2_3][C][=C][C][=C][C][=C][Ring1][Branch1_2][C][C][=C][C][=C][C][=C][Ring1][Branch1_2][C],27.81585114061276,{[$]C1=CC=CC=C1P(C2=CC=CC=C2C)C3=CC=CC=C3C}
172,11.256270408630373,3.9,(R)SITCP,C1CC23CCC4=C2C(=CC=C4)CP(CC5=CC=CC1=C35)C6=CC=CC=C6,5.800000000000001,10.270278937009424,[C][C][C][C][C][C][=C][Ring1][Branch1_1][C][Branch1_2][Branch1_2][=C][C][=C][Ring1][Branch1_2][C][P][Branch1_1][S][C][C][=C][C][=C][C][Ring2][Ring1][Ring1][=C][Ring2][Ring1][C][Ring1][Branch1_2][C][=C][C][=C][C][=C][Ring1][Branch1_2],0.0,{[$]1CC23CCC4=C2C(=CC=C4)CP(CC5=CC=CC1=C35)C6=CC=CC=C6}
173,11.256270408630373,3.9,"PPh (4-(2,2-(CF3)2-F7pent)-Ph)2",C1=CC=C(C=C1)P(C2=CC=C(C=C2)CC(C(C(C(F)(F)F)(F)F)(F)F)(C(F)(F)F)C(F)(F)F)C3=CC=C(C=C3)CC(C(C(C(F)(F)F)(F)F)(F)F)(C(F)(F)F)C(F)(F)F,5.800000000000001,42.00410815054848,[C][=C][C][=C][Branch1_1][Branch1_1][C][=C][Ring1][Branch1_2][P][Branch2_1][Branch1_1][Branch2_1][C][=C][C][=C][Branch1_1][Branch1_1][C][=C][Ring1][Branch1_2][C][C][Branch2_1][Ring1][Branch1_3][C][Branch1_1][S][C][Branch1_1][Branch2_2][C][Branch1_1][C][F][Branch1_1][C][F][F][Branch1_1][C][F][F][Branch1_1][C][F][F][Branch1_1][Branch2_2][C][Branch1_1][C][F][Branch1_1][C][F][F][C][Branch1_1][C][F][Branch1_1][C][F][F][C][=C][C][=C][Branch1_1][Branch1_1][C][=C][Ring1][Branch1_2][C][C][Branch2_1][Ring1][Branch1_3][C][Branch1_1][S][C][Branch1_1][Branch2_2][C][Branch1_1][C][F][Branch1_1][C][F][F][Branch1_1][C][F][F][Branch1_1][C][F][F][Branch1_1][Branch2_2][C][Branch1_1][C][F][Branch1_1][C][F][F][C][Branch1_1][C][F][Branch1_1][C][F][F],7.350579459285315,{[$]1=CC=C(C=C1)P(C2=CC=C(C=C2)CC(C(C(C(F)(F)F)(F)F)(F)F)(C(F)(F)F)C(F)(F)F)C3=CC=C(C=C3)CC(C(C(C(F)(F)F)(F)F)(F)F)(C(F)(F)F)C(F)(F)F}
174,11.256270408630373,2.0,PhSPhos,COC1=C(C(=CC=C1)OC)C2=CC=CC=C2P(C3=CC=CC=C3)C4=CC=CC=C4,5.800000000000001,17.61860407471316,[C][O][C][=C][Branch1_1][O][C][Branch1_2][Branch1_2][=C][C][=C][Ring1][Branch1_2][O][C][C][=C][C][=C][C][=C][Ring1][Branch1_2][P][Branch1_1][Branch2_2][C][=C][C][=C][C][=C][Ring1][Branch1_2][C][=C][C][=C][C][=C][Ring1][Branch1_2],2.796975807034607,{[$]OC1=C(C(=CC=C1)OC)C2=CC=CC=C2P(C3=CC=CC=C3)C4=CC=CC=C4}
175,11.256270408630373,2.2,RockPhos,CC1=C(C(=C(C=C1)OC)P(C(C)(C)C)C(C)(C)C)C2=C(C=C(C=C2C(C)C)C(C)C)C(C)C,6.4,2.30231254981889,[C][C][=C][Branch2_1][Ring1][S][C][Branch1_2][Branch2_3][=C][Branch1_1][Branch1_1][C][=C][Ring1][Branch1_2][O][C][P][Branch1_1][Branch2_2][C][Branch1_1][C][C][Branch1_1][C][C][C][C][Branch1_1][C][C][Branch1_1][C][C][C][C][=C][Branch2_1][Ring1][Ring1][C][=C][Branch1_1][Branch2_3][C][=C][Ring1][Branch1_2][C][Branch1_1][C][C][C][C][Branch1_1][C][C][C][C][Branch1_1][C][C][C],50.31785067602732,{[$]C1=C(C(=C(C=C1)OC)P(C[$][$]C)C[$][$]C)C2=C(C=C(C=C2C[$]C)C[$]C)C[$]C}
176,11.256270408630373,4.6,PhSPhos,COC1=C(C(=CC=C1)OC)C2=CC=CC=C2P(C3=CC=CC=C3)C4=CC=CC=C4,2.8000000000000003,45.548611510944895,[C][O][C][=C][Branch1_1][O][C][Branch1_2][Branch1_2][=C][C][=C][Ring1][Branch1_2][O][C][C][=C][C][=C][C][=C][Ring1][Branch1_2][P][Branch1_1][Branch2_2][C][=C][C][=C][C][=C][Ring1][Branch1_2][C][=C][C][=C][C][=C][Ring1][Branch1_2],1.8652229732296548,{[$]OC1=C(C(=CC=C1)OC)C2=CC=CC=C2P(C3=CC=CC=C3)C4=CC=CC=C4}
177,29.839813232421875,1.1,AtaPhos,CC(C)(C)P(C1=CC=C(C=C1)N(C)C)C(C)(C)C,2.8000000000000003,2.732191839361233,[C][C][Branch1_1][C][C][Branch1_1][C][C][P][Branch1_1][S][C][=C][C][=C][Branch1_1][Branch1_1][C][=C][Ring1][Branch1_2][N][Branch1_1][C][C][C][C][Branch1_1][C][C][Branch1_1][C][C][C],11.732687295499478,{[$]C[$][$]P(C1=CC=C(C=C1)N[$]C)C[$][$]C}
178,29.839813232421875,4.1,PoTol3,CC1=CC=CC=C1P(C2=CC=CC=C2C)C3=CC=CC=C3C,5.0,45.09278149905555,[C][C][=C][C][=C][C][=C][Ring1][Branch1_2][P][Branch1_1][Branch2_3][C][=C][C][=C][C][=C][Ring1][Branch1_2][C][C][=C][C][=C][C][=C][Ring1][Branch1_2][C],68.31143871732651,{[$]C1=CC=CC=C1P(C2=CC=CC=C2C)C3=CC=CC=C3C}
179,29.839813232421875,3.9,"PtBu2(E-but-2-enyl), m-CroPhos",CC=CCP(C(C)(C)C)C(C)(C)C,5.800000000000001,9.694653991395532,[C][C][=C][C][P][Branch1_1][Branch2_2][C][Branch1_1][C][C][Branch1_1][C][C][C][C][Branch1_1][C][C][Branch1_1][C][C][C],27.230984386661017,{[$]C=CCP(C[$][$]C)C[$][$]C}
180,29.839813232421875,1.1,(R)SITCP,C1CC23CCC4=C2C(=CC=C4)CP(CC5=CC=CC1=C35)C6=CC=CC=C6,2.8000000000000003,0.1416852984300524,[C][C][C][C][C][C][=C][Ring1][Branch1_1][C][Branch1_2][Branch1_2][=C][C][=C][Ring1][Branch1_2][C][P][Branch1_1][S][C][C][=C][C][=C][C][Ring2][Ring1][Ring1][=C][Ring2][Ring1][C][Ring1][Branch1_2][C][=C][C][=C][C][=C][Ring1][Branch1_2],0.6018107999953386,{[$]1CC23CCC4=C2C(=CC=C4)CP(CC5=CC=CC1=C35)C6=CC=CC=C6}
181,29.839813232421875,1.9,PPh2(2-OMe-Ph),COC1=CC=CC=C1P(C2=CC=CC=C2)C3=CC=CC=C3,4.4,2.964092418473418,[C][O][C][=C][C][=C][C][=C][Ring1][Branch1_2][P][Branch1_1][Branch2_2][C][=C][C][=C][C][=C][Ring1][Branch1_2][C][=C][C][=C][C][=C][Ring1][Branch1_2],9.694653991395532,{[$]OC1=CC=CC=C1P(C2=CC=CC=C2)C3=CC=CC=C3}
182,29.839813232421875,4.2,P(nOct)3,CCCCCCCCP(CCCCCCCC)CCCCCCCC,6.2,9.26408356820886,[C][C][C][C][C][C][C][C][P][Branch1_1][Branch2_2][C][C][C][C][C][C][C][C][C][C][C][C][C][C][C][C],6.452150442559975,{[$]CCCCCCCP(CCCCCCCC)CCCCCCCC}
183,29.839813232421875,1.8,"P(3,5-Me2-4-OMe-Ph)3",CC1=CC(=CC(=C1OC)C)P(C2=CC(=C(C(=C2)C)OC)C)C3=CC(=C(C(=C3)C)OC)C,4.4,13.34198040366042,[C][C][=C][C][Branch1_2][O][=C][C][Branch1_2][Branch1_2][=C][Ring1][Branch1_2][O][C][C][P][Branch2_1][Ring1][Ring1][C][=C][C][Branch1_2][=N][=C][Branch1_1][Branch2_1][C][Branch1_2][Ring2][=C][Ring1][Branch1_2][C][O][C][C][C][=C][C][Branch1_2][=N][=C][Branch1_1][Branch2_1][C][Branch1_2][Ring2][=C][Ring1][Branch1_2][C][O][C][C],3.436679220342048,{[$]C1=CC(=CC(=C1OC)C)P(C2=CC(=C(C(=C2)C)OC)C)C3=CC(=C(C(=C3)C)OC)C}
184,29.839813232421875,3.8,PhSPhos,COC1=C(C(=CC=C1)OC)C2=CC=CC=C2P(C3=CC=CC=C3)C4=CC=CC=C4,6.6000000000000005,67.95172150799954,[C][O][C][=C][Branch1_1][O][C][Branch1_2][Branch1_2][=C][C][=C][Ring1][Branch1_2][O][C][C][=C][C][=C][C][=C][Ring1][Branch1_2][P][Branch1_1][Branch2_2][C][=C][C][=C][C][=C][Ring1][Branch1_2][C][=C][C][=C][C][=C][Ring1][Branch1_2],62.403894966878354,{[$]OC1=C(C(=CC=C1)OC)C2=CC=CC=C2P(C3=CC=CC=C3)C4=CC=CC=C4}
185,21.92156791687012,3.2,"PPh (4-(2,2-(CF3)2-F7pent)-Ph)2",C1=CC=C(C=C1)P(C2=CC=C(C=C2)CC(C(C(C(F)(F)F)(F)F)(F)F)(C(F)(F)F)C(F)(F)F)C3=CC=C(C=C3)CC(C(C(C(F)(F)F)(F)F)(F)F)(C(F)(F)F)C(F)(F)F,6.6000000000000005,49.23465602618015,[C][=C][C][=C][Branch1_1][Branch1_1][C][=C][Ring1][Branch1_2][P][Branch2_1][Branch1_1][Branch2_1][C][=C][C][=C][Branch1_1][Branch1_1][C][=C][Ring1][Branch1_2][C][C][Branch2_1][Ring1][Branch1_3][C][Branch1_1][S][C][Branch1_1][Branch2_2][C][Branch1_1][C][F][Branch1_1][C][F][F][Branch1_1][C][F][F][Branch1_1][C][F][F][Branch1_1][Branch2_2][C][Branch1_1][C][F][Branch1_1][C][F][F][C][Branch1_1][C][F][Branch1_1][C][F][F][C][=C][C][=C][Branch1_1][Branch1_1][C][=C][Ring1][Branch1_2][C][C][Branch2_1][Ring1][Branch1_3][C][Branch1_1][S][C][Branch1_1][Branch2_2][C][Branch1_1][C][F][Branch1_1][C][F][F][Branch1_1][C][F][F][Branch1_1][C][F][F][Branch1_1][Branch2_2][C][Branch1_1][C][F][Branch1_1][C][F][F][C][Branch1_1][C][F][Branch1_1][C][F][F],45.58272162625386,{[$]1=CC=C(C=C1)P(C2=CC=C(C=C2)CC(C(C(C(F)(F)F)(F)F)(F)F)(C(F)(F)F)C(F)(F)F)C3=CC=C(C=C3)CC(C(C(C(F)(F)F)(F)F)(F)F)(C(F)(F)F)C(F)(F)F}
186,21.92156791687012,4.3,PhSPhos,COC1=C(C(=CC=C1)OC)C2=CC=CC=C2P(C3=CC=CC=C3)C4=CC=CC=C4,4.2,58.63264236577543,[C][O][C][=C][Branch1_1][O][C][Branch1_2][Branch1_2][=C][C][=C][Ring1][Branch1_2][O][C][C][=C][C][=C][C][=C][Ring1][Branch1_2][P][Branch1_1][Branch2_2][C][=C][C][=C][C][=C][Ring1][Branch1_2][C][=C][C][=C][C][=C][Ring1][Branch1_2],2.8370674678742684,{[$]OC1=C(C(=CC=C1)OC)C2=CC=CC=C2P(C3=CC=CC=C3)C4=CC=CC=C4}
187,21.92156791687012,3.0,PnPr3,CCCP(CCC)CCC,4.2,12.06180446777936,[C][C][C][P][Branch1_1][Ring2][C][C][C][C][C][C],3.631322651286304,{[$]CCP(CCC)CCC}
188,21.92156791687012,3.0,RockPhos,CC1=C(C(=C(C=C1)OC)P(C(C)(C)C)C(C)(C)C)C2=C(C=C(C=C2C(C)C)C(C)C)C(C)C,4.2,2.513737977746386,[C][C][=C][Branch2_1][Ring1][S][C][Branch1_2][Branch2_3][=C][Branch1_1][Branch1_1][C][=C][Ring1][Branch1_2][O][C][P][Branch1_1][Branch2_2][C][Branch1_1][C][C][Branch1_1][C][C][C][C][Branch1_1][C][C][Branch1_1][C][C][C][C][=C][Branch2_1][Ring1][Ring1][C][=C][Branch1_1][Branch2_3][C][=C][Ring1][Branch1_2][C][Branch1_1][C][C][C][C][Branch1_1][C][C][C][C][Branch1_1][C][C][C],69.20789826652408,{[$]C1=C(C(=C(C=C1)OC)P(C[$][$]C)C[$][$]C)C2=C(C=C(C=C2C[$]C)C[$]C)C[$]C}
189,21.92156791687012,3.0,Sphos,COC1=C(C(=CC=C1)OC)C2=CC=CC=C2P(C3CCCCC3)C4CCCCC4,4.2,8.73390308207021,[C][O][C][=C][Branch1_1][O][C][Branch1_2][Branch1_2][=C][C][=C][Ring1][Branch1_2][O][C][C][=C][C][=C][C][=C][Ring1][Branch1_2][P][Branch1_1][Branch2_2][C][C][C][C][C][C][Ring1][Branch1_2][C][C][C][C][C][C][Ring1][Branch1_2],45.52032500705908,{[$]OC1=C(C(=CC=C1)OC)C2=CC=CC=C2P(C3CCCCC3)C4CCCCC4}
190,21.92156791687012,4.6,PEt3,CCP(CC)CC,6.6000000000000005,23.931874865136542,[C][C][P][Branch1_1][Ring1][C][C][C][C],63.39081779812003,{[$]CP(CC)CC}
191,21.92156791687012,2.6,PallylPh2,C=CCP(C1=CC=CC=C1)C2=CC=CC=C2,2.6,16.47095331857814,[C][=C][C][P][Branch1_1][Branch2_2][C][=C][C][=C][C][=C][Ring1][Branch1_2][C][=C][C][=C][C][=C][Ring1][Branch1_2],29.83027798601053,{[$]=CCP(C1=CC=CC=C1)C2=CC=CC=C2}
192,21.92156791687012,4.8,"PtBu2(E-but-2-enyl), m-CroPhos",CC=CCP(C(C)(C)C)C(C)(C)C,6.6000000000000005,8.339302649442828,[C][C][=C][C][P][Branch1_1][Branch2_2][C][Branch1_1][C][C][Branch1_1][C][C][C][C][Branch1_1][C][C][Branch1_1][C][C][C],59.83758766600967,{[$]C=CCP(C[$][$]C)C[$][$]C}
